DATE,DJI,S&P500,NASDAQ,TSX,TSX_60,HSI,SHA,NIKKEI,EURO,FTSE_100,FTSE_MIB,AUS,WTI_Crude,GOLD
2019-03-01,26026.32031,2803.68994,7595.35010,16068.29981,958.23000,28812.16992,2994.00488,21602.68945,3312.10010,7106.70000,20694.53000,6192.70020,55.80000,1296.40002
2019-03-04,25819.65039,2792.81006,7577.56982,16038.09961,956.30000,28959.58984,3027.57593,21822.03906,3317.12012,7134.40000,20718.30000,6217.39990,56.59000,1284.80005
2019-03-05,25806.63086,2789.64990,7576.35986,16086.50000,959.09000,28961.59961,3054.24707,21726.27930,3327.18994,7183.40000,20715.97000,6199.29981,56.56000,1282.00000
2019-03-06,25673.46094,2771.44995,7505.91992,16092.09961,960.51000,29037.59961,3102.09912,21596.81055,3324.66992,7196.00000,20851.56000,6245.60010,56.22000,1284.90002
2019-03-07,25473.23047,2748.92993,7421.45996,16056.50000,958.69000,28779.44922,3106.41797,21456.00977,3308.85010,7157.60000,20697.56000,6263.89990,56.66000,1283.80005
2019-03-08,25450.24023,2743.07007,7408.14014,15996.20020,954.25000,28228.41992,2969.86108,21025.56055,3283.60010,7104.30000,20484.39000,6203.79981,56.07000,1297.00000
2019-03-11,25650.88086,2783.30005,7558.06006,16106.20020,960.45000,28503.30078,3026.99292,21125.08984,3304.43994,7130.60000,20638.22000,6180.20020,56.79000,1288.80005
2019-03-12,25554.66016,2791.52002,7591.02979,16136.70020,962.13000,28920.86914,3060.30689,21503.68945,3303.94995,7151.20000,20631.19000,6174.79981,56.87000,1296.30005
2019-03-13,25702.89063,2810.91992,7643.41016,16150.00000,962.71000,28807.44922,3026.95093,21290.24023,3323.44995,7159.20000,20749.20000,6161.20020,58.26000,1307.50000
2019-03-14,25709.93945,2808.47998,7630.91016,16087.59961,959.68000,28851.39063,2990.68506,21287.01953,3342.03003,7185.40000,20877.43000,6179.60010,58.61000,1293.40002
2019-03-15,25848.86914,2822.47998,7688.52979,16140.40039,963.37000,29012.25977,3021.75098,21450.84961,3386.08008,7228.30000,21045.41000,6175.20020,58.52000,1301.80005
2019-03-18,25914.09961,2832.93994,7714.47998,16251.40039,970.27000,29409.00977,3096.41797,21584.50000,3387.93994,7299.20000,21234.61000,6190.50000,59.09000,1300.30005
2019-03-19,25887.38086,2832.57007,7723.95020,16188.09961,965.74000,29466.27930,3090.97510,21566.84961,3409.00000,7324.00000,21430.35000,6184.79981,59.03000,1305.00000
2019-03-20,25745.66992,2824.22998,7728.97022,16167.59961,963.27000,29320.97070,3090.63989,21608.91992,3372.37988,7291.00000,21330.21000,6165.29981,59.83000,1300.50000
2019-03-21,25962.50977,2854.87988,7838.95996,16244.59961,967.26000,29071.56055,3101.45508,NaN,3367.39990,7355.30000,21373.06000,6167.20020,59.98000,1306.09998
2019-03-22,25502.32031,2800.70996,7642.66992,16089.29981,958.21000,29113.35938,3104.14893,21627.33984,3305.72998,7207.60000,21078.76000,6195.20020,59.04000,1311.59998
2019-03-25,25516.83008,2798.36011,7637.54004,16065.90039,956.26000,28523.34961,3043.03101,20977.10938,3300.47998,7177.60000,21059.60000,6126.20020,58.82000,1321.90002
2019-03-26,25657.73047,2818.45996,7691.52002,16155.20020,961.89000,28566.91016,2997.09497,21428.39063,3319.53003,7196.30000,21139.40000,6130.60010,59.94000,1314.30005
2019-03-27,25625.58984,2805.37012,7643.37988,16132.50000,960.90000,28728.25000,3022.71997,21378.73047,3322.04004,7194.20000,21194.19000,6136.00000,59.41000,1309.90002
2019-03-28,25717.46094,2815.43994,7669.16992,16155.50000,963.84000,28775.21094,2994.94312,21033.75977,3320.29004,7234.30000,21080.97000,6176.10010,59.30000,1289.80005
2019-03-29,25928.67969,2834.39990,7729.31982,16102.09961,959.50000,29051.35938,3090.75806,21205.81055,3351.70996,7279.20000,21286.13000,6180.70020,60.14000,1293.00000
2019-04-01,26258.41992,2867.18994,7828.91016,16228.09961,967.69000,29562.01953,3170.36108,21509.02930,3385.37988,7317.40000,21520.25000,6217.00000,61.59000,1288.40002
2019-04-02,26179.13086,2867.23999,7848.68994,16263.90039,970.43000,29624.66992,3176.82300,21505.31055,3395.69995,7391.10000,21522.92000,6242.39990,62.58000,1290.00000
2019-04-03,26218.13086,2873.39990,7895.54981,16279.90039,971.66000,29986.39063,3216.29492,21713.21094,3435.56006,7418.30000,21755.88000,6285.00000,62.46000,1289.90002
2019-04-04,26384.63086,2879.38989,7891.77979,16311.59961,973.45000,29936.32031,3246.57105,21724.94922,3441.92993,7401.90000,21705.60000,6232.79981,62.10000,1289.00000
2019-04-05,26424.99023,2892.73999,7938.68994,16396.19922,978.21000,NaN,NaN,21807.50000,3447.46997,7446.90000,21758.61000,6181.29981,63.08000,1290.40002
2019-04-08,26341.01953,2895.77002,7953.87988,16407.30078,978.82000,30077.15039,3244.81006,21761.65039,3438.06006,7451.90000,21771.96000,6221.39990,64.40000,1297.09998
2019-04-09,26150.58008,2878.19995,7909.27979,16336.50000,974.43000,30157.49023,3239.66406,21802.58984,3417.21997,7425.60000,21671.78000,6221.79981,63.98000,1303.50000
2019-04-10,26157.16016,2888.20996,7964.24023,16396.30078,977.48000,30119.56055,3241.92993,21687.57031,3424.64990,7421.90000,21671.76000,6223.50000,64.61000,1309.09998
2019-04-11,26143.05078,2888.32007,7947.35986,16399.50000,979.13000,29839.44922,3189.96191,21711.38086,3435.34009,7418.00000,21684.84000,6198.70020,63.58000,1288.59998
2019-04-12,26412.30078,2907.40991,7984.16016,16480.50000,984.66000,29909.75977,3188.62598,21870.56055,3447.83008,7437.10000,21858.31000,6251.29981,63.89000,1290.59998
2019-04-15,26384.76953,2905.58008,7976.00977,16515.50000,987.92000,29810.72070,3177.78711,22169.10938,3450.45996,7436.90000,21892.42000,6251.39990,63.40000,1286.80005
2019-04-16,26452.66016,2907.06006,8000.22998,16502.19922,988.51000,30129.86914,3253.59790,22221.66016,3463.36011,7469.90000,21918.93000,6277.39990,64.05000,1272.59998
2019-04-17,26449.53906,2900.44995,7996.08008,16544.19922,990.61000,30124.67969,3263.11792,22277.97070,3477.72998,7471.30000,22000.88000,6256.39990,63.76000,1272.19995
2019-04-18,26559.53906,2905.03003,7998.06006,16612.80078,995.29000,29963.25977,3250.20093,22090.11914,3499.22998,7459.90000,21956.59000,6259.79981,64.00000,1271.90002
2019-04-22,26511.05078,2907.96997,8015.27002,16577.30078,993.16000,NaN,3215.04297,22217.90039,NaN,NaN,NaN,NaN,65.70000,1273.50000
2019-04-23,26656.39063,2933.67993,8120.81982,16669.40039,999.97000,29963.24023,3198.59399,22259.74023,3503.85010,7523.10000,21896.84000,6319.39990,66.30000,1269.30005
2019-04-24,26597.05078,2927.25000,8102.00977,16586.50000,993.71000,29805.83008,3201.61401,22200.00000,3502.62988,7471.80000,21724.44000,6382.10010,65.89000,1275.50000
2019-04-25,26462.08008,2926.16992,8118.68018,16576.09961,993.71000,29549.80078,3123.82593,22307.58008,3491.91992,7434.10000,21719.88000,NaN,65.21000,1275.80005
2019-04-26,26543.33008,2939.87988,8146.39990,16613.50000,995.88000,29605.00977,3086.39893,22258.73047,3500.40991,7428.20000,21737.97000,6385.60010,63.30000,1284.90002
2019-04-29,26554.39063,2943.03003,8161.85010,16600.40039,995.73000,29892.81055,NaN,NaN,3501.93994,7440.70000,21788.54000,6359.50000,63.50000,1278.59998
2019-04-30,26592.91016,2945.83008,8095.39014,16580.69922,994.53000,29699.10938,NaN,NaN,3514.62012,7418.20000,21881.33000,6325.50000,63.91000,1282.80005
2019-05-01,26430.14063,2923.72998,8049.64014,16502.80078,990.49000,NaN,NaN,NaN,NaN,7385.30000,NaN,6375.89990,63.60000,1281.40002
2019-05-02,26307.78906,2917.52002,8036.77002,16410.90039,986.02000,29944.17969,NaN,NaN,3488.92993,7351.30000,21710.38000,6338.39990,61.81000,1269.69995
2019-05-03,26504.94922,2945.63989,8164.00000,16494.40039,991.58000,30081.55078,NaN,NaN,3502.47998,7380.60000,21763.48000,6335.79981,61.94000,1279.19995
2019-05-06,26438.48047,2932.46997,8123.29004,16493.50000,991.44000,29209.82031,2906.46411,NaN,3462.94995,NaN,21409.29000,6283.70020,62.25000,1281.69995
2019-05-07,25965.08984,2884.05005,7963.75977,16357.79981,983.30000,29363.01953,2926.39111,21923.72070,3401.15991,7260.50000,21219.14000,6295.70020,61.40000,1283.50000
2019-05-08,25967.33008,2879.41992,7943.31982,16397.40039,985.67000,29003.19922,2893.75708,21602.58984,3417.26001,7271.00000,21203.86000,6269.10010,62.12000,1279.40002
2019-05-09,25828.35938,2870.71997,7910.58984,16321.79981,979.94000,28311.07031,2850.95410,21402.13086,3350.70996,7207.40000,20817.16000,6295.29981,61.70000,1283.50000
2019-05-10,25942.36914,2881.39990,7916.93994,16297.59961,978.05000,28550.24023,2939.21094,21344.91992,3361.05005,7203.30000,20874.78000,6310.89990,61.66000,1285.69995
2019-05-13,25324.99023,2811.87012,7647.02002,16193.40039,969.92000,NaN,2903.71289,21191.27930,3320.78003,7163.70000,20593.72000,6297.60010,61.04000,1300.09998
2019-05-14,25532.05078,2834.40991,7734.49023,16284.50000,974.85000,28122.01953,2883.61108,21067.23047,3364.37988,7241.60000,20892.66000,6239.89990,61.78000,1294.69995
2019-05-15,25648.01953,2850.95996,7822.14990,16318.09961,977.28000,28268.71094,2938.67798,21188.56055,3385.78003,7297.00000,20863.14000,6284.20020,62.02000,1296.30005
2019-05-16,25862.67969,2876.32007,7898.04981,16443.90039,985.52000,28275.07031,2955.71094,21062.98047,3438.56006,7353.50000,21151.80000,6327.79981,62.87000,1285.00000
2019-05-17,25764.00000,2859.53003,7816.27979,16401.80078,982.76000,27946.46094,2882.29590,21250.08984,3425.63989,7348.60000,21105.28000,6365.29981,62.76000,1274.50000
2019-05-20,25679.90039,2840.22998,7702.37988,NaN,NaN,27787.60938,2870.60498,21301.73047,3369.78003,7310.90000,20539.87000,6476.10010,63.10000,1276.09998
2019-05-21,25877.33008,2864.36011,7785.72022,16426.50000,984.35000,27657.24023,2905.96899,21272.44922,3386.51001,7328.90000,20698.61000,6500.10010,62.99000,1272.00000
2019-05-22,25776.60938,2856.27002,7750.83984,16327.40039,978.70000,27705.93945,2891.70508,21283.36914,3386.71997,7334.20000,20573.31000,6510.70020,61.42000,1273.59998
2019-05-23,25490.47070,2822.23999,7628.27979,16164.59961,969.43000,27267.13086,2852.51489,21151.14063,3327.19995,7231.00000,20136.39000,6491.79981,57.91000,1284.80005
2019-05-24,25585.68945,2826.06006,7637.00977,16230.00000,973.60000,27353.92969,2852.99512,21117.22070,3350.69995,7277.70000,20376.03000,6456.00000,58.63000,1283.00000
2019-05-28,25347.76953,2802.38989,7607.35010,16297.50000,978.08000,27390.81055,2909.91089,21260.14063,3348.86011,7269.00000,20260.98000,6484.79981,59.14000,1276.50000
2019-05-29,25126.41016,2783.02002,7547.31006,16131.50000,968.29000,27235.71094,2914.69605,21003.36914,3297.81006,7185.30000,19999.94000,6440.00000,58.81000,1280.59998
2019-05-30,25169.88086,2788.86011,7567.72022,16089.20020,965.62000,27114.88086,2905.80493,20942.52930,NaN,7218.20000,19947.92000,6392.10010,56.59000,1287.09998
2019-05-31,24815.03906,2752.06006,7453.14990,16037.50000,961.89000,26901.08984,2898.69605,20601.18945,3280.42993,7161.70000,19802.11000,6396.89990,53.50000,1305.80005
2019-06-03,24819.77930,2744.44995,7333.02002,16015.90039,959.59000,26893.85938,2890.08106,20410.88086,3300.21997,7184.80000,19874.24000,6320.50000,53.25000,1322.69995
2019-06-04,25332.17969,2803.27002,7527.12012,16166.20020,968.48000,26761.51953,2862.28003,20408.53906,3333.48999,7214.30000,20229.42000,6332.39990,53.48000,1323.40002
2019-06-05,25539.57031,2826.14990,7575.47998,16212.70020,972.50000,26895.43945,2861.41797,20776.09961,3339.94995,7220.20000,20155.73000,6358.50000,51.68000,1328.30005
2019-06-06,25720.66016,2843.48999,7615.54981,16227.79981,973.09000,26965.27930,2827.79810,20774.03906,3338.40991,7259.90000,20177.81000,6383.00000,52.59000,1337.59998
2019-06-07,25983.93945,2873.34009,7742.10010,16231.00000,973.47000,NaN,NaN,20884.71094,3378.37988,7331.90000,20360.59000,6443.89990,53.99000,1341.19995
2019-06-10,26062.67969,2886.72998,7823.16992,16216.29981,972.46000,27578.64063,2852.12988,21134.41992,NaN,7375.50000,20484.99000,NaN,53.26000,1324.69995
2019-06-11,26048.50977,2885.71997,7822.56982,16248.79981,974.13000,27789.33984,2925.71606,21204.27930,3401.10010,7398.50000,20609.70000,6546.29981,53.27000,1326.40002
2019-06-12,26004.83008,2879.84009,7792.72022,16227.20020,972.90000,27308.46094,2909.37988,21129.72070,3386.62988,7367.60000,20463.25000,6543.70020,51.14000,1331.90002
2019-06-13,26106.76953,2891.63989,7837.12988,16239.29981,972.55000,27294.71094,2910.74097,21032.00000,3390.50000,7368.60000,20630.75000,6542.39990,52.28000,1339.19995
2019-06-14,26089.60938,2886.97998,7796.66016,16301.90039,976.82000,27118.34961,2881.97412,21116.89063,3379.18994,7345.80000,20612.45000,6554.00000,52.51000,1340.09998
2019-06-17,26112.52930,2889.66992,7845.02002,16353.50000,979.17000,27227.16016,2887.62207,21124.00000,3383.20996,7357.30000,20626.42000,6530.89990,51.93000,1338.69995
2019-06-18,26465.53906,2917.75000,7953.87988,16503.40039,988.16000,27498.76953,2890.15796,20972.71094,3452.88989,7443.00000,21133.78000,6570.00000,53.90000,1346.59998
2019-06-19,26504.00000,2926.45996,7987.31982,16511.80078,988.79000,28202.14063,2917.80298,21333.86914,3454.69995,7403.50000,21221.38000,6648.10010,53.76000,1344.59998
2019-06-20,26753.16992,2954.17993,8051.33984,16574.80078,992.05000,28550.42969,2987.11890,21462.85938,3468.08008,7424.40000,21361.44000,6687.39990,56.65000,1392.90002
2019-06-21,26719.13086,2950.45996,8031.70996,16525.40039,988.75000,28473.71094,3001.97998,21258.64063,3466.91992,7407.50000,21388.63000,6650.79981,57.43000,1396.19995
2019-06-24,26727.53906,2945.35010,8005.70020,16523.50000,988.24000,28513.00000,3008.14795,21285.99023,3455.57007,7416.70000,21284.10000,6665.39990,57.90000,1414.30005
2019-06-25,26548.22070,2917.37988,7884.72022,16371.29981,978.66000,28185.98047,2982.07398,21193.81055,3444.36011,7422.40000,21128.41000,6658.00000,57.83000,1414.90002
2019-06-26,26536.82031,2913.78003,7909.97022,16312.20020,974.89000,28221.98047,2976.28394,21086.58984,3442.94995,7416.40000,21057.14000,6640.50000,59.38000,1411.59998
2019-06-27,26526.58008,2924.91992,7967.75977,16307.70020,975.06000,28621.41992,2996.79297,21338.16992,3442.37988,7402.30000,21110.87000,6666.29981,59.43000,1408.40002
2019-06-28,26599.96094,2941.76001,8006.24023,16382.20020,979.60000,28542.61914,2978.87793,21275.91992,3473.68994,7425.60000,21234.79000,6618.79981,58.47000,1409.69995
2019-07-01,26717.42969,2964.33008,8091.16016,NaN,NaN,NaN,3044.90308,21729.97070,3497.59009,7497.50000,21254.04000,6648.10010,59.09000,1385.59998
2019-07-02,26786.67969,2973.01001,8109.08984,16471.30078,985.45000,28875.56055,3043.94312,21754.26953,3507.97998,7559.20000,21392.87000,6653.20020,56.25000,1404.59998
2019-07-03,26966.00000,2995.82007,8170.22998,16576.19922,992.46000,28855.14063,3015.26294,21638.16016,3540.62988,7609.30000,21905.34000,6685.50000,NaN,NaN
2019-07-05,26922.11914,2990.40991,8161.79004,16542.00000,989.73000,28774.83008,3011.05908,21746.38086,3527.97998,7553.10000,21985.79000,6751.29981,57.51000,1396.69995
2019-07-08,26806.14063,2975.94995,8098.37988,16463.00000,985.05000,28331.68945,2933.36304,21534.34961,3523.76001,7549.30000,21976.00000,6672.20020,57.66000,1397.00000
2019-07-09,26783.49023,2979.62988,8141.72998,16545.19922,991.27000,28116.27930,2928.22998,21565.15039,3509.75000,7536.50000,21886.17000,6665.70020,57.83000,1397.50000
2019-07-10,26860.19922,2993.07007,8202.53027,16563.30078,990.76000,28204.68945,2915.30200,21533.48047,3501.52002,7530.70000,22044.96000,6689.79981,60.43000,1410.09998
2019-07-11,27088.08008,2999.90991,8196.04004,16527.90039,989.48000,28431.80078,2917.76099,21643.52930,3496.72998,7509.80000,22169.42000,6716.10010,60.20000,1404.30005
2019-07-12,27332.02930,3013.77002,8244.13965,16488.09961,986.02000,28471.61914,2930.55005,21685.90039,3497.62988,7506.00000,22182.70000,6696.50000,60.21000,1409.90002
2019-07-15,27359.16016,3014.30005,8258.19043,16510.80078,986.66000,28554.88086,2942.18994,NaN,3502.21997,7531.70000,22178.05000,6653.00000,59.58000,1411.40002
2019-07-16,27335.63086,3004.04004,8222.79981,16502.40039,986.62000,28619.61914,2937.62012,21535.25000,3521.36011,7577.20000,22204.08000,6641.00000,57.62000,1409.19995
2019-07-17,27219.84961,2984.41992,8185.20996,16484.19922,984.45000,28593.16992,2931.68994,21469.17969,3501.58008,7535.50000,22079.38000,6673.29981,56.78000,1421.30005
2019-07-18,27222.97070,2995.11011,8207.24023,16494.19922,985.07000,28461.66016,2901.17993,21046.24023,3482.83008,7493.10000,22090.81000,6649.10010,55.30000,1426.09998
2019-07-19,27154.19922,2976.61011,8146.49023,16485.90039,984.15000,28765.40039,2924.19995,21466.99023,3480.17993,7508.70000,21641.46000,6700.29981,55.63000,1425.09998
2019-07-22,27171.90039,2985.03003,8204.13965,16518.90039,986.83000,28371.25977,2886.97412,21416.78906,3489.91992,7514.90000,21735.70000,6691.20020,56.22000,1425.30005
2019-07-23,27349.18945,3005.46997,8251.40039,16572.69922,990.28000,28466.48047,2899.93994,21620.88086,3532.87012,7556.90000,21954.66000,6724.60010,56.77000,1420.09998
2019-07-24,27269.97070,3019.56006,8321.50000,16611.80078,992.12000,28524.03906,2923.28003,21709.57031,3532.89990,7501.50000,22080.32000,6776.70020,55.88000,1422.80005
2019-07-25,27140.98047,3003.66992,8238.54004,16488.19922,984.85000,28594.30078,2937.36011,21756.55078,3510.14990,7489.10000,21903.29000,6818.00000,56.02000,1413.90002
2019-07-26,27192.44922,3025.86011,8330.20996,16531.00000,987.67000,28397.74023,2944.54004,21658.15039,3524.46997,7549.10000,21837.74000,6793.39990,56.20000,1418.50000
2019-07-29,27221.34961,3020.96997,8293.33008,16492.19922,984.88000,28106.41016,2941.01001,21616.80078,3523.58008,7686.60000,21709.30000,6825.79981,56.87000,1419.59998
2019-07-30,27198.01953,3013.17993,8273.61035,16466.09961,982.35000,28146.50000,2952.34009,21709.31055,3462.85010,7646.80000,21278.24000,6845.10010,58.05000,1429.69995
2019-07-31,26864.26953,2980.37988,8175.41992,16406.59961,979.73000,27777.75000,2932.51001,21521.52930,3466.85010,7586.80000,21398.19000,6812.60010,58.58000,1426.09998
2019-08-01,26583.41992,2953.56006,8111.12012,16377.00000,976.79000,27565.69922,2908.77002,21540.99023,NaN,7584.90000,21566.91000,6788.89990,53.95000,1420.90002
2019-08-02,26485.00977,2932.05005,8004.06982,16271.70020,969.49000,26918.58008,2867.84009,21087.16016,3376.12012,7407.10000,21046.86000,6768.60010,55.66000,1445.59998
2019-08-05,25717.74023,2844.73999,7726.04004,NaN,NaN,26151.32031,2821.50000,20720.28906,3310.92993,7223.90000,20773.30000,6640.29981,54.69000,1464.59998
2019-08-06,26029.51953,2881.77002,7833.27002,16149.50000,961.31000,25976.24023,2777.55591,20585.31055,3291.65991,7171.70000,20631.74000,6478.10010,53.63000,1472.40002
2019-08-07,26007.07031,2883.97998,7862.83008,16265.20020,969.46000,25997.02930,2768.67993,20516.56055,3309.98999,7198.70000,20538.85000,6519.50000,51.09000,1507.30005
2019-08-08,26378.18945,2938.09009,8039.16016,16404.50000,977.76000,26120.76953,2794.55200,20593.34961,3375.37988,7285.90000,20841.15000,6568.10010,52.54000,1497.69995
2019-08-09,26287.43945,2918.64990,7959.14014,16341.29981,974.34000,25939.30078,2774.75000,20684.82031,3333.73999,7253.90000,20324.23000,6584.39990,54.50000,1496.59998
2019-08-12,25896.43945,2882.69995,7863.41016,16237.79981,968.61000,25824.72070,2814.98999,NaN,3326.55005,7226.70000,20263.83000,6590.29981,54.93000,1505.30005
2019-08-13,26279.91016,2926.32007,8016.35986,16350.79981,976.59000,25281.30078,2797.26001,20455.43945,3357.15991,7250.90000,20539.43000,6568.50000,57.10000,1502.19995
2019-08-14,25479.41992,2840.60010,7773.93994,16045.90039,957.56000,25302.27930,2808.90991,20655.13086,3288.69995,7147.90000,20020.28000,6595.89990,55.23000,1515.90002
2019-08-15,25579.39063,2847.60010,7766.62012,16012.50000,955.84000,25495.46094,2815.80005,20405.65039,3282.78003,7067.00000,NaN,6408.10010,54.47000,1519.59998
2019-08-16,25886.00977,2888.67993,7895.99023,16149.79981,965.02000,25734.22070,2823.82007,20418.81055,3329.08008,7117.20000,20322.59000,6405.50000,54.87000,1512.50000
2019-08-19,26135.78906,2923.64990,8002.81006,16304.09961,974.30000,26291.83984,2883.10010,20563.16016,3369.18994,7189.70000,20715.49000,6467.39990,56.21000,1500.40002
2019-08-20,25962.43945,2900.51001,7948.56006,16213.29981,967.18000,26231.53906,2880.00000,20677.22070,3350.22998,7125.00000,20485.43000,6545.00000,56.34000,1504.59998
2019-08-21,26202.73047,2924.42993,8020.20996,16309.20020,973.95000,26270.03906,2880.33008,20618.57031,3394.88989,7204.00000,20847.07000,6483.29981,55.68000,1504.59998
2019-08-22,26252.24023,2922.94995,7991.39014,16253.50000,971.09000,26048.72070,2883.43994,20628.00977,3373.66992,7128.20000,20816.99000,6501.79981,55.35000,1497.30005
2019-08-23,25628.90039,2847.11011,7751.77002,16037.59961,956.68000,26179.33008,2897.42993,20710.91016,3334.25000,7095.00000,20473.86000,6523.10010,54.17000,1526.59998
2019-08-26,25898.83008,2878.37988,7853.74023,16098.79981,961.86000,25680.33008,2863.57007,20261.03906,3348.84009,NaN,20676.83000,6440.10010,53.64000,1526.30005
2019-08-27,25777.90039,2869.15991,7826.95020,16183.59961,966.07000,25664.07031,2902.18994,20456.08008,3370.46997,7089.60000,20991.30000,6471.20020,54.93000,1541.00000
2019-08-28,26036.09961,2887.93994,7856.87988,16271.70020,970.82000,25615.48047,2893.76001,20479.41992,3365.37988,7114.70000,20990.71000,6500.60010,55.78000,1537.80005
2019-08-29,26362.25000,2924.58008,7973.39014,16384.50000,979.20000,25703.50000,2890.91992,20460.92969,3411.33008,7184.30000,21398.17000,6507.39990,56.71000,1526.50000
2019-08-30,26403.27930,2926.45996,7962.87988,16442.09961,982.45000,25724.73047,2886.23999,20704.36914,3426.76001,7207.20000,21322.90000,6604.20020,55.10000,1519.09998
2019-09-03,26118.01953,2906.27002,7874.16016,16399.19922,979.11000,25527.84961,2930.14990,20625.16016,3420.73999,7268.20000,21399.23000,6573.39990,53.94000,1545.90002
2019-09-04,26355.47070,2937.78003,7976.87988,16448.80078,981.23000,26523.23047,2957.40991,20649.14063,3450.83008,7311.30000,21737.80000,6553.00000,56.26000,1550.30005
2019-09-05,26728.15039,2976.00000,8116.83008,16574.80078,990.35000,26515.52930,2985.86011,21085.93945,3484.69995,7271.20000,21955.07000,6613.20020,56.30000,1515.40002
2019-09-06,26797.46094,2978.70996,8103.06982,16535.30078,987.99000,26690.75977,2999.60010,21199.57031,3495.18994,7282.30000,21947.33000,6647.29981,56.52000,1506.19995
2019-09-09,26835.50977,2978.42993,8087.43994,16495.09961,985.16000,26681.40039,3024.73999,21318.41992,3495.02002,7235.80000,21989.73000,6648.00000,57.85000,1502.19995
2019-09-10,26909.42969,2979.38989,8084.16016,16537.30078,988.09000,26683.67969,3021.19995,21392.09961,3498.98999,7268.00000,21869.01000,6614.10010,57.40000,1490.30005
2019-09-11,27137.03906,3000.92993,8169.68018,16611.09961,992.96000,27159.06055,3008.81006,21597.75977,3516.82007,7338.00000,21891.57000,6638.00000,55.75000,1494.40002
2019-09-12,27182.44922,3009.57007,8194.46973,16643.30078,996.14000,27087.63086,3031.23999,21759.60938,3538.86011,7344.70000,22083.17000,6654.89990,55.09000,1498.69995
2019-09-13,27219.51953,3007.38989,8176.70996,16682.40039,998.54000,27352.68945,NaN,21988.28906,3550.11011,7367.50000,22181.41000,6669.20020,54.85000,1490.90002
2019-09-16,27076.82031,2997.95996,8153.54004,16751.30078,1001.88000,27124.55078,3030.75000,NaN,3518.44995,7321.40000,21969.24000,6673.50000,62.90000,1503.09998
2019-09-17,27110.80078,3005.69995,8186.02002,16834.80078,1006.85000,26790.24023,2978.12012,22001.32031,3521.26001,7320.40000,21801.93000,6695.29981,59.34000,1505.09998
2019-09-18,27147.08008,3006.72998,8177.39014,16800.30078,1005.77000,26754.11914,2985.65991,21960.71094,3528.04004,7314.10000,21947.70000,6681.60010,58.11000,1507.50000
2019-09-19,27094.78906,3006.79004,8182.87988,16858.40039,1009.36000,26468.94922,2999.28003,22044.44922,3552.64990,7356.40000,22128.24000,6717.50000,58.13000,1498.40002
2019-09-20,26935.07031,2992.07007,8117.66992,16899.69922,1011.25000,26435.66992,3006.44995,22079.08984,3571.38989,7344.90000,22123.25000,6730.79981,58.09000,1507.30005
2019-09-23,26949.99023,2991.78003,8112.45996,16867.19922,1008.12000,26222.40039,2977.08008,NaN,3536.96997,7326.10000,21899.88000,6749.70020,58.64000,1523.69995
2019-09-24,26807.76953,2966.60010,7993.62988,16798.30078,1003.77000,26281.00000,2985.34009,22098.83984,3532.05005,7291.40000,21901.01000,6748.89990,57.29000,1532.09998
2019-09-25,26970.71094,2984.87012,8077.37988,16784.30078,1003.58000,25945.34961,2955.42993,22020.15039,3513.03003,7290.00000,21788.22000,6710.20020,56.49000,1504.59998
2019-09-26,26891.11914,2977.62012,8030.66016,16790.40039,1004.10000,26041.92969,2929.09009,22048.24023,3532.17993,7351.10000,21947.67000,6677.60010,56.41000,1507.50000
2019-09-27,26820.25000,2961.79004,7939.62988,16694.30078,999.15000,25954.81055,2932.16992,21878.90039,3545.87988,7426.20000,22017.40000,6716.10010,55.91000,1499.09998
2019-09-30,26916.83008,2976.73999,7999.33984,16658.59961,997.93000,26092.26953,2905.18994,21755.83984,3569.44995,7408.20000,22107.70000,6688.29981,54.07000,1465.69995
2019-10-01,26573.03906,2940.25000,7908.68018,16447.69922,985.03000,NaN,NaN,21885.24023,3518.25000,7360.30000,21927.57000,6742.79981,53.62000,1482.00000
2019-10-02,26078.61914,2887.61011,7785.25000,16311.00000,975.34000,26042.68945,NaN,21778.60938,3413.31006,7122.50000,21298.24000,6639.89990,52.64000,1501.00000
2019-10-03,26201.03906,2910.62988,7872.25977,16369.00000,978.16000,26110.31055,NaN,21341.74023,3417.37012,7077.60000,21311.51000,6493.00000,52.45000,1507.09998
2019-10-04,26573.72070,2952.01001,7982.47022,16449.40039,983.06000,25821.02930,NaN,21410.19922,3446.70996,7155.40000,21470.44000,6517.10010,52.81000,1506.19995
2019-10-07,26478.01953,2938.79004,7956.29004,16421.80078,981.34000,NaN,NaN,21375.25000,3471.23999,7197.90000,21652.15000,6563.60010,52.75000,1497.69995
2019-10-08,26164.03906,2893.06006,7823.77979,16294.00000,972.82000,25893.40039,2913.57007,21587.77930,3432.76001,7143.20000,21405.73000,6593.39990,52.63000,1497.19995
2019-10-09,26346.00977,2919.39990,7903.74023,16379.90039,979.34000,25682.81055,2924.86011,21456.38086,3462.11011,7166.50000,21533.64000,6546.70020,52.59000,1506.09998
2019-10-10,26496.66992,2938.12988,7950.77979,16422.69922,982.49000,25707.92969,2947.70996,21551.98047,3493.95996,7186.40000,21756.39000,6547.10010,53.55000,1494.80005
2019-10-11,26816.58984,2970.27002,8057.04004,16415.19922,982.65000,26308.43945,2973.65991,21798.86914,3569.91992,7247.10000,22165.34000,6606.79981,54.70000,1482.69995
2019-10-14,26787.35938,2966.14990,8048.64990,NaN,NaN,26521.84961,3007.87988,NaN,3556.26001,7213.50000,22097.94000,6642.60010,53.59000,1491.69995
2019-10-15,27024.80078,2995.67993,8148.70996,16418.40039,983.45000,26503.92969,2991.05005,22207.21094,3598.64990,7211.60000,22365.34000,6652.00000,52.81000,1477.59998
2019-10-16,27001.98047,2989.68994,8124.18018,16427.19922,983.98000,26664.27930,2978.70996,22472.91992,3599.25000,7168.00000,22428.09000,6736.50000,53.36000,1488.00000
2019-10-17,27025.88086,2997.94995,8156.85010,16426.30078,982.75000,26848.49023,2977.33008,22451.85938,3588.62012,7182.30000,22375.67000,6684.70020,53.93000,1492.30005
2019-10-18,26770.19922,2986.19995,8089.54004,16377.09961,980.04000,26719.58008,2938.13989,22492.67969,3579.40991,7150.60000,22321.77000,6649.70020,53.78000,1488.19995
2019-10-21,26827.64063,3006.71997,8162.99023,16418.50000,982.93000,26725.67969,2939.62012,22548.90039,3600.08008,7163.60000,22478.19000,6652.50000,53.31000,1482.40002
2019-10-22,26788.09961,2995.98999,8104.29981,16391.50000,981.11000,26786.19922,2954.37988,NaN,3604.82007,7212.50000,22487.08000,6672.20020,54.16000,1481.69995
2019-10-23,26833.94922,3004.52002,8119.79004,16335.90039,976.96000,26566.73047,2941.62012,22625.38086,3606.88989,7260.70000,22351.07000,6673.10010,55.97000,1489.90002
2019-10-24,26805.52930,3010.29004,8185.79981,16369.29981,979.32000,26797.94922,2940.91992,22750.59961,3621.37012,7328.30000,22527.42000,6693.60010,56.23000,1498.90002
2019-10-25,26958.06055,3022.55005,8243.12012,16404.50000,981.54000,26667.39063,2954.92993,22799.81055,3624.67993,7324.50000,22608.99000,6739.20020,56.66000,1499.50000
2019-10-28,27090.72070,3039.41992,8325.99023,16387.50000,981.39000,26891.25977,2980.05005,22867.26953,3625.68994,7331.30000,22695.64000,6740.70020,55.81000,1490.00000
2019-10-29,27071.46094,3036.88989,8276.84961,16418.09961,983.07000,26786.75977,2954.17993,22974.13086,3622.09009,7306.30000,22680.74000,6745.39990,55.54000,1487.00000
2019-10-30,27186.68945,3046.77002,8303.98047,16501.40039,989.12000,26667.71094,2939.32007,22843.11914,3620.29004,7330.80000,22646.08000,6689.50000,55.06000,1493.19995
2019-10-31,27046.23047,3037.56006,8292.36035,16483.19922,986.33000,26906.72070,2929.06006,22927.03906,3604.40991,7248.40000,22693.77000,6663.39990,54.18000,1511.40002
2019-11-01,27347.35938,3066.90991,8386.40039,16594.09961,992.95000,27100.75977,2958.19995,22850.76953,3623.73999,7302.40000,22934.32000,6669.10010,56.20000,1508.00000
2019-11-04,27462.10938,3078.27002,8433.20020,16669.80078,997.56000,27547.30078,2975.48999,NaN,3665.20996,7369.70000,23311.43000,6686.89990,56.54000,1508.00000
2019-11-05,27492.63086,3074.62012,8434.67969,16681.90039,998.31000,27683.40039,2991.56006,23251.99023,3676.52002,7388.10000,23364.82000,6697.10010,57.23000,1480.80005
2019-11-06,27492.56055,3076.78003,8410.62988,16745.59961,1001.56000,27688.64063,2978.60010,23303.82031,3688.73999,7396.70000,23373.22000,6660.20020,56.35000,1490.19995
2019-11-07,27674.80078,3085.17993,8434.51953,16805.80078,1005.61000,27847.23047,2978.70996,23330.32031,3706.67993,7406.40000,23503.03000,6726.60010,57.15000,1464.19995
2019-11-08,27681.24023,3093.08008,8475.30957,16877.40039,1010.54000,27651.14063,2964.17993,23391.86914,3699.64990,7359.40000,23534.49000,6724.10010,57.24000,1461.30005
2019-11-11,27691.49023,3087.01001,8464.28027,16882.80078,1011.04000,26926.55078,2909.96997,23331.83984,3696.82007,7328.50000,23489.93000,6772.50000,56.86000,1455.50000
2019-11-12,27691.49023,3091.84009,8486.08984,16909.40039,1012.97000,27065.27930,2914.82007,23520.00977,3712.19995,7365.40000,23782.15000,6753.00000,56.80000,1452.09998
2019-11-13,27783.58984,3094.04004,8482.09961,16958.00000,1016.03000,26571.46094,2905.23999,23319.86914,3699.50000,7351.20000,23578.43000,6698.39990,57.12000,1461.69995
2019-11-14,27781.96094,3096.62988,8479.01953,16972.19922,1015.68000,26323.68945,2909.87012,23141.55078,3688.81006,7292.80000,23481.35000,6735.10010,56.77000,1471.80005
2019-11-15,28004.89063,3120.45996,8540.83008,17028.50000,1019.86000,26326.66016,2891.34009,23303.32031,3711.61011,7302.90000,23588.59000,6793.70020,57.72000,1467.30005
2019-11-18,28036.22070,3122.03003,8549.94043,17025.09961,1019.47000,26681.08984,2909.19995,23416.75977,3704.91992,7307.70000,23463.98000,6766.79981,57.05000,1470.90002
2019-11-19,27934.01953,3120.17993,8570.66016,17011.40039,1019.05000,27093.80078,2933.98999,23292.65039,3696.56006,7323.80000,23329.21000,6814.20020,55.21000,1473.30005
2019-11-20,27821.08984,3108.45996,8526.73047,17005.80078,1017.79000,26889.60938,2911.05005,23148.57031,3683.87988,7262.50000,23351.78000,6722.39990,57.11000,1473.30005
2019-11-21,27766.28906,3103.54004,8506.20996,16999.19922,1017.57000,26466.88086,2903.63989,23038.58008,3679.65991,7238.60000,23279.78000,6672.89990,58.58000,1463.09998
2019-11-22,27875.61914,3110.29004,8519.87988,16954.80078,1014.48000,26595.08008,2885.29004,23112.88086,3687.32007,7326.80000,23259.80000,6709.79981,57.77000,1463.09998
2019-11-25,28066.47070,3133.63989,8632.49023,17032.90039,1019.30000,26993.03906,2906.16992,23292.81055,3707.67993,7396.30000,23467.25000,6731.39990,58.01000,1456.59998
2019-11-26,28121.67969,3140.52002,8647.92969,17035.90039,1019.15000,26913.91992,2907.06006,23373.32031,3705.55005,7403.10000,23546.58000,6787.50000,58.41000,1459.80005
2019-11-27,28164.00000,3153.62988,8705.17969,17100.59961,1022.95000,26954.00000,2903.18994,23437.76953,3712.85010,7429.80000,23485.03000,6850.60010,58.11000,1453.40002
2019-11-29,28051.41016,3140.97998,8665.46973,17040.19922,1018.62000,26346.49023,2871.97998,23293.91016,3703.58008,7346.50000,23259.33000,6846.00000,NaN,NaN
2019-12-02,27783.03906,3113.87012,8567.99023,16981.50000,1015.14000,26444.72070,2875.81006,23529.50000,3626.65991,7285.90000,22728.59000,6862.29981,55.96000,1462.30005
2019-12-03,27502.81055,3093.19995,8520.63965,16892.19922,1008.96000,26391.30078,2884.69995,23379.81055,3610.98999,7158.80000,22736.52000,6712.29981,56.10000,1478.19995
2019-12-04,27649.77930,3112.76001,8566.66992,16897.30078,1009.00000,26062.56055,2878.11597,23135.23047,3660.02002,7188.50000,23034.20000,6606.50000,58.43000,1474.00000
2019-12-05,27677.78906,3117.42993,8570.70020,16854.90039,1004.87000,26217.03906,2899.46899,23300.08984,3648.12988,7137.90000,22969.40000,6683.00000,58.43000,1476.90002
2019-12-06,28015.06055,3145.90991,8656.53027,16997.00000,1015.09000,26498.36914,2912.01392,23354.40039,3692.34009,7239.70000,23182.72000,6707.00000,59.20000,1459.09998
2019-12-09,27909.59961,3135.95996,8621.83008,16950.90039,1011.42000,26494.73047,2914.47803,23430.69922,3672.17993,7233.90000,22956.90000,6730.00000,59.02000,1459.30005
2019-12-10,27881.72070,3132.52002,8616.17969,16950.69922,1011.40000,26436.61914,2917.31592,23410.18945,3671.78003,7213.80000,23122.82000,6706.89990,59.24000,1462.59998
2019-12-11,27911.30078,3141.62988,8654.04981,16939.59961,1011.37000,26645.42969,2924.41699,23391.85938,3687.44995,7216.30000,23155.64000,6752.60010,58.76000,1469.40002
2019-12-12,28132.05078,3168.57007,8717.32031,16946.90039,1012.93000,26994.14063,2915.69800,23424.81055,3706.35010,7273.50000,23390.95000,6708.79981,59.18000,1466.69995
2019-12-13,28135.38086,3168.80005,8734.87988,17003.09961,1015.49000,27687.75977,2967.67603,24023.09961,3731.07007,7353.40000,23329.33000,6739.70020,60.07000,1475.59998
2019-12-16,28235.89063,3191.44995,8814.23047,17056.40039,1017.96000,27508.08984,2984.39307,23952.34961,3772.73999,7519.10000,23524.76000,6849.70020,60.21000,1475.00000
2019-12-17,28267.16016,3192.52002,8823.36035,17075.19922,1018.78000,27843.71094,3022.42212,24066.11914,3745.28003,7525.30000,23630.77000,6847.29981,60.94000,1474.59998
2019-12-18,28239.27930,3191.13989,8827.74023,17032.00000,1015.58000,27884.21094,3017.04395,23934.42969,3739.00000,7540.80000,23628.87000,6851.39990,60.93000,1472.59998
2019-12-19,28376.96094,3205.37012,8887.21973,17064.00000,1017.27000,27800.49023,NaN,23864.84961,3739.16992,7573.80000,23708.94000,6833.10010,61.22000,1478.19995
2019-12-20,28455.08984,3221.21997,8924.95996,17118.40039,1021.01000,27871.34961,3004.93799,23816.63086,3776.56006,7582.50000,24003.64000,6816.29981,60.44000,1474.69995
2019-12-23,28551.52930,3224.01001,8945.65039,17128.69922,1020.33000,27906.41016,2962.75098,23821.10938,3776.65991,7623.60000,23898.42000,6785.10010,60.52000,1482.50000
2019-12-24,28515.44922,3223.37988,8952.87988,17180.19922,1022.77000,27864.21094,2982.68091,23830.58008,NaN,7632.20000,NaN,6794.20020,NaN,NaN
2019-12-26,28621.39063,3239.90991,9022.38965,NaN,NaN,NaN,3007.35498,23924.91992,NaN,NaN,NaN,NaN,61.68000,1509.30005
2019-12-27,28645.25977,3240.02002,9006.62012,17168.19922,1022.01000,28225.41992,3005.03589,23837.72070,3782.27002,7644.90000,23757.60000,6821.70020,61.72000,1513.80005
2019-12-30,28462.14063,3221.29004,8945.99023,17098.59961,1017.07000,28319.39063,3040.02393,23656.61914,3748.46997,7587.10000,23506.37000,6804.89990,61.68000,1514.50000
2019-12-31,28538.43945,3230.78003,8972.59961,17063.40039,1014.92000,28189.75000,3050.12402,NaN,NaN,7542.40000,NaN,6684.10010,61.06000,1519.50000
2020-01-02,28868.80078,3257.85010,9092.19043,17100.00000,1018.24000,28543.51953,3085.19800,NaN,NaN,7604.30000,23836.26000,6690.60010,61.18000,1524.50000
2020-01-03,28634.88086,3234.85010,9020.76953,17066.09961,1015.65000,28451.50000,3083.78589,NaN,3773.37012,7622.40000,23702.35000,6733.50000,63.05000,1549.19995
2020-01-06,28703.38086,3246.28003,9071.46973,17105.50000,1018.26000,28226.18945,3083.40796,23204.85938,3752.52002,7575.30000,23581.29000,6735.70020,63.27000,1566.19995
2020-01-07,28583.67969,3237.17993,9068.58008,17168.09961,1021.30000,28322.06055,3104.80200,23575.72070,3759.25000,7573.90000,23723.38000,6826.39990,62.70000,1571.80005
2020-01-08,28745.08984,3253.05005,9129.24023,17167.80078,1022.96000,28087.91992,3066.89307,23204.75977,3772.56006,7574.90000,23832.02000,6817.60010,59.61000,1557.40002
2020-01-09,28956.90039,3274.69995,9203.42969,17235.59961,1026.72000,28561.00000,3094.88208,23739.86914,3795.87988,7598.10000,24016.70000,6874.20020,59.56000,1551.69995
2020-01-10,28823.76953,3265.35010,9178.86035,17234.50000,1025.66000,28638.19922,3092.29102,23850.57031,3789.52002,7587.90000,24021.40000,6929.00000,59.04000,1557.50000
2020-01-13,28907.05078,3288.12988,9273.92969,17293.40039,1030.12000,28954.93945,3115.57007,NaN,3779.67993,7617.60000,23896.59000,6903.70020,58.08000,1548.40002
2020-01-14,28939.66992,3283.14990,9251.33008,17352.90039,1033.48000,28885.14063,3106.82007,24025.16992,3774.87988,7622.40000,23928.21000,6962.20020,58.23000,1542.40002
2020-01-15,29030.22070,3289.29004,9258.70020,17415.19922,1037.11000,28773.58984,3090.04004,23916.58008,3768.95996,7642.80000,23763.86000,6994.79981,57.81000,1552.09998
2020-01-16,29297.64063,3316.81006,9357.12988,17484.80078,1041.37000,28883.03906,3074.08106,23933.13086,3774.13989,7609.80000,23940.41000,7041.79981,58.52000,1549.00000
2020-01-17,29348.09961,3329.62012,9388.94043,17559.00000,1046.06000,29056.41992,3075.49609,24041.25977,3808.26001,7674.60000,24141.07000,7064.10010,58.54000,1558.80005
2020-01-21,29196.03906,3320.79004,9370.80957,17572.30078,1047.14000,27985.33008,3052.13989,23864.56055,3789.12012,7610.70000,23845.28000,7066.29981,58.34000,1556.40002
2020-01-22,29186.26953,3321.75000,9383.76953,17599.90039,1049.41000,28341.03906,3060.75488,24031.34961,3769.79004,7571.90000,23706.29000,7132.70020,56.74000,1555.30005
2020-01-23,29160.08984,3325.54004,9402.48047,17621.80078,1051.69000,27909.11914,2976.52808,23795.43945,3736.85010,7507.70000,23707.05000,7088.00000,55.59000,1564.59998
2020-01-24,28989.73047,3295.46997,9314.91016,17565.30078,1047.97000,27949.64063,NaN,23827.17969,3779.15991,7586.00000,23969.13000,7090.50000,54.19000,1571.09998
2020-01-27,28535.80078,3243.62988,9139.30957,17442.50000,1041.19000,NaN,NaN,23343.50977,3677.84009,7412.10000,23416.13000,NaN,53.14000,1576.80005
2020-01-28,28722.84961,3276.23999,9269.67969,17500.90039,1045.14000,NaN,NaN,23215.71094,3719.21997,7480.70000,24027.63000,7023.50000,53.48000,1569.19995
2020-01-29,28734.44922,3273.39990,9275.16016,17511.80078,1044.82000,27160.63086,NaN,23379.40039,3736.36011,7483.60000,24164.73000,7031.50000,53.33000,1569.80005
2020-01-30,28859.43945,3283.65991,9298.92969,17490.59961,1044.44000,26449.13086,NaN,22977.75000,3690.78003,7382.00000,23781.10000,7008.39990,52.14000,1583.50000
2020-01-31,28256.02930,3225.52002,9150.94043,17318.50000,1032.97000,26312.63086,NaN,23205.17969,3640.90991,7286.00000,23237.03000,7017.20020,51.56000,1582.90002
2020-02-03,28399.81055,3248.91992,9273.40039,17379.80078,1036.00000,26356.98047,2746.60596,22971.93945,3661.27002,7326.30000,23460.01000,6923.29981,50.11000,1577.19995
2020-02-04,28807.63086,3297.59009,9467.96973,17512.69922,1045.18000,26675.98047,2783.28809,23084.58984,3732.28003,7439.80000,23844.85000,6948.70020,49.61000,1550.40002
2020-02-05,29290.84961,3334.68994,9508.67969,17651.59961,1052.46000,26786.74023,2818.08789,23319.56055,3777.84009,7482.50000,24236.63000,6976.10010,50.75000,1557.80005
2020-02-06,29379.76953,3345.78003,9572.15039,17757.50000,1058.65000,27493.69922,2866.51001,23873.58984,3805.52002,7504.80000,24490.35000,7049.20020,50.95000,1565.09998
2020-02-07,29102.50977,3327.70996,9520.50977,17655.50000,1053.03000,27404.26953,2875.95996,23827.98047,3798.48999,7466.70000,24478.32000,7022.60010,50.32000,1568.59998
2020-02-10,29276.82031,3352.09009,9628.38965,17740.59961,1058.92000,27241.33984,2890.48804,23685.98047,3793.17993,7446.90000,24507.70000,7012.50000,49.57000,1574.69995
2020-02-11,29276.33984,3357.75000,9638.94043,17777.09961,1060.47000,27583.88086,2901.66992,NaN,3825.84009,7499.40000,24688.89000,7055.29981,49.94000,1565.59998
2020-02-12,29551.41992,3379.44995,9725.95996,17832.90039,1064.59000,27823.66016,2926.89893,23861.21094,3854.42993,7534.40000,24861.28000,7088.20020,51.17000,1567.40002
2020-02-13,29423.31055,3373.93994,9711.96973,17821.19922,1063.57000,27730.00000,2906.07398,23827.73047,3846.73999,7452.00000,24892.15000,7103.20020,51.42000,1575.09998
2020-02-14,29398.08008,3380.15991,9731.17969,17848.40039,1064.88000,27815.59961,2917.00806,23687.58984,3840.96997,7409.10000,24867.01000,7130.20020,52.05000,1582.69995
2020-02-18,29232.18945,3370.29004,9732.74023,17858.30078,1064.28000,27530.19922,2984.97192,23193.80078,3836.54004,7382.00000,25223.51000,7113.70020,52.05000,1600.00000
2020-02-19,29348.02930,3386.14990,9817.17969,17925.40039,1068.28000,27655.81055,2975.40210,23400.69922,3865.17993,7457.00000,25477.55000,7144.60010,53.29000,1607.50000
2020-02-20,29219.98047,3373.22998,9750.96973,17944.09961,1069.29000,27609.16016,3030.15405,23479.15039,3822.97998,7436.60000,25080.16000,7162.50000,53.78000,1616.59998
2020-02-21,28992.41016,3337.75000,9576.58984,17843.50000,1062.86000,27308.81055,3039.66895,23386.74023,3800.37988,7403.90000,24773.15000,7139.00000,53.38000,1644.59998
2020-02-24,27960.80078,3225.88989,9221.28027,17562.69922,1046.04000,26820.88086,3031.23291,NaN,3647.97998,7156.80000,23427.19000,6978.29981,51.43000,1672.40002
2020-02-25,27081.35938,3128.20996,8965.61035,17177.40039,1023.72000,26893.23047,3013.05005,22605.41016,3572.51001,7017.90000,23090.44000,6866.60010,49.90000,1646.90002
2020-02-26,26957.58984,3116.38989,8980.78027,17041.90039,1016.17000,26696.49023,2987.92896,22426.18945,3577.67993,7042.50000,23422.54000,6708.10010,48.73000,1640.00000
2020-02-27,25766.64063,2978.76001,8566.48047,16717.40039,997.73000,26778.61914,2991.33008,21948.23047,3455.91992,6796.40000,22799.37000,6657.89990,46.80000,1643.09998
2020-02-28,25409.35938,2954.21997,8567.37012,16263.09961,972.15000,26129.92969,2880.30396,21142.96094,3329.48999,6580.60000,21984.21000,6441.20020,47.09000,1642.50000
