Date,CL=F
2015-01-02,52.689998626708984
2015-01-05,50.040000915527344
2015-01-06,47.93000030517578
2015-01-07,48.650001525878906
2015-01-08,48.790000915527344
2015-01-09,48.36000061035156
2015-01-12,46.06999969482422
2015-01-13,45.88999938964844
2015-01-14,48.47999954223633
2015-01-15,46.25
2015-01-16,48.689998626708984
2015-01-20,46.38999938964844
2015-01-21,47.779998779296875
2015-01-22,46.310001373291016
2015-01-23,45.59000015258789
2015-01-26,45.150001525878906
2015-01-27,46.22999954223633
2015-01-28,44.45000076293945
2015-01-29,44.529998779296875
2015-01-30,48.2400016784668
2015-02-02,49.56999969482422
2015-02-03,53.04999923706055
2015-02-04,48.45000076293945
2015-02-05,50.47999954223633
2015-02-06,51.689998626708984
2015-02-09,52.86000061035156
2015-02-10,50.02000045776367
2015-02-11,48.84000015258789
2015-02-12,51.209999084472656
2015-02-13,52.779998779296875
2015-02-17,53.529998779296875
2015-02-18,52.13999938964844
2015-02-19,51.15999984741211
2015-02-20,50.34000015258789
2015-02-23,49.45000076293945
2015-02-24,49.279998779296875
2015-02-25,50.9900016784668
2015-02-26,48.16999816894531
2015-02-27,49.7599983215332
2015-03-02,49.59000015258789
2015-03-03,50.52000045776367
2015-03-04,51.529998779296875
2015-03-05,50.7599983215332
2015-03-06,49.61000061035156
2015-03-09,50.0
2015-03-10,48.290000915527344
2015-03-11,48.16999816894531
2015-03-12,47.04999923706055
2015-03-13,44.84000015258789
2015-03-16,43.880001068115234
2015-03-17,43.459999084472656
2015-03-18,44.65999984741211
2015-03-19,43.959999084472656
2015-03-20,45.720001220703125
2015-03-23,47.45000076293945
2015-03-24,47.5099983215332
2015-03-25,49.209999084472656
2015-03-26,51.43000030517578
2015-03-27,48.869998931884766
2015-03-30,48.68000030517578
2015-03-31,47.599998474121094
2015-04-01,50.09000015258789
2015-04-02,49.13999938964844
2015-04-06,52.13999938964844
2015-04-07,53.97999954223633
2015-04-08,50.41999816894531
2015-04-09,50.790000915527344
2015-04-10,51.63999938964844
2015-04-13,51.90999984741211
2015-04-14,53.290000915527344
2015-04-15,56.38999938964844
2015-04-16,56.709999084472656
2015-04-17,55.7400016784668
2015-04-20,56.380001068115234
2015-04-21,55.2599983215332
2015-04-22,56.15999984741211
2015-04-23,57.7400016784668
2015-04-24,57.150001525878906
2015-04-27,56.9900016784668
2015-04-28,57.060001373291016
2015-04-29,58.58000183105469
2015-04-30,59.630001068115234
2015-05-01,59.150001525878906
2015-05-04,58.93000030517578
2015-05-05,60.400001525878906
2015-05-06,60.93000030517578
2015-05-07,58.939998626708984
2015-05-08,59.38999938964844
2015-05-11,59.25
2015-05-12,60.75
2015-05-13,60.5
2015-05-14,59.880001068115234
2015-05-15,59.689998626708984
2015-05-18,59.43000030517578
2015-05-19,57.2599983215332
2015-05-20,58.97999954223633
2015-05-21,60.720001220703125
2015-05-22,59.720001220703125
2015-05-26,58.029998779296875
2015-05-27,57.5099983215332
2015-05-28,57.68000030517578
2015-05-29,60.29999923706055
2015-06-01,60.20000076293945
2015-06-02,61.2599983215332
2015-06-03,59.63999938964844
2015-06-04,58.0
2015-06-05,59.130001068115234
2015-06-08,58.13999938964844
2015-06-09,60.13999938964844
2015-06-10,61.43000030517578
2015-06-11,60.77000045776367
2015-06-12,59.959999084472656
2015-06-15,59.52000045776367
2015-06-16,59.970001220703125
2015-06-17,59.91999816894531
2015-06-18,60.45000076293945
2015-06-19,59.61000061035156
2015-06-22,59.68000030517578
2015-06-23,61.0099983215332
2015-06-24,60.27000045776367
2015-06-25,59.70000076293945
2015-06-26,59.630001068115234
2015-06-29,58.33000183105469
2015-06-30,59.470001220703125
2015-07-01,56.959999084472656
2015-07-02,56.93000030517578
2015-07-06,52.529998779296875
2015-07-07,52.33000183105469
2015-07-08,51.650001525878906
2015-07-09,52.779998779296875
2015-07-10,52.7400016784668
2015-07-13,52.20000076293945
2015-07-14,53.040000915527344
2015-07-15,51.40999984741211
2015-07-16,50.90999984741211
2015-07-17,50.88999938964844
2015-07-20,50.150001525878906
2015-07-21,50.36000061035156
2015-07-22,49.189998626708984
2015-07-23,48.45000076293945
2015-07-24,48.13999938964844
2015-07-27,47.38999938964844
2015-07-28,47.97999954223633
2015-07-29,48.790000915527344
2015-07-30,48.52000045776367
2015-07-31,47.119998931884766
2015-08-03,45.16999816894531
2015-08-04,45.7400016784668
2015-08-05,45.150001525878906
2015-08-06,44.65999984741211
2015-08-07,43.869998931884766
2015-08-10,44.959999084472656
2015-08-11,43.08000183105469
2015-08-12,43.29999923706055
2015-08-13,42.22999954223633
2015-08-14,42.5
2015-08-17,41.869998931884766
2015-08-18,42.619998931884766
2015-08-19,40.79999923706055
2015-08-20,41.13999938964844
2015-08-21,40.45000076293945
2015-08-24,38.2400016784668
2015-08-25,39.310001373291016
2015-08-26,38.599998474121094
2015-08-27,42.560001373291016
2015-08-28,45.220001220703125
2015-08-31,49.20000076293945
2015-09-01,45.40999984741211
2015-09-02,46.25
2015-09-03,46.75
2015-09-04,46.04999923706055
2015-09-08,45.939998626708984
2015-09-09,44.150001525878906
2015-09-10,45.91999816894531
2015-09-11,44.630001068115234
2015-09-14,44.0
2015-09-15,44.59000015258789
2015-09-16,47.150001525878906
2015-09-17,46.900001525878906
2015-09-18,44.68000030517578
2015-09-21,46.68000030517578
2015-09-22,45.83000183105469
2015-09-23,44.47999954223633
2015-09-24,44.90999984741211
2015-09-25,45.70000076293945
2015-09-28,44.43000030517578
2015-09-29,45.22999954223633
2015-09-30,45.09000015258789
2015-10-01,44.7400016784668
2015-10-02,45.540000915527344
2015-10-05,46.2599983215332
2015-10-06,48.529998779296875
2015-10-07,47.810001373291016
2015-10-08,49.43000030517578
2015-10-09,49.630001068115234
2015-10-12,47.099998474121094
2015-10-13,46.65999984741211
2015-10-14,46.63999938964844
2015-10-15,46.380001068115234
2015-10-16,47.2599983215332
2015-10-19,45.88999938964844
2015-10-20,45.54999923706055
2015-10-21,45.20000076293945
2015-10-22,45.380001068115234
2015-10-23,44.599998474121094
2015-10-26,43.97999954223633
2015-10-27,43.20000076293945
2015-10-28,45.939998626708984
2015-10-29,46.060001373291016
2015-10-30,46.59000015258789
2015-11-02,46.13999938964844
2015-11-03,47.900001525878906
2015-11-04,46.31999969482422
2015-11-05,45.20000076293945
2015-11-06,44.290000915527344
2015-11-09,43.869998931884766
2015-11-10,44.209999084472656
2015-11-11,42.93000030517578
2015-11-12,41.75
2015-11-13,40.7400016784668
2015-11-16,41.7400016784668
2015-11-17,40.66999816894531
2015-11-18,40.75
2015-11-19,40.540000915527344
2015-11-20,40.38999938964844
2015-11-23,41.75
2015-11-24,42.869998931884766
2015-11-25,43.040000915527344
2015-11-27,41.709999084472656
2015-11-30,41.650001525878906
2015-12-01,41.849998474121094
2015-12-02,39.939998626708984
2015-12-03,41.08000183105469
2015-12-04,39.970001220703125
2015-12-07,37.650001525878906
2015-12-08,37.5099983215332
2015-12-09,37.15999984741211
2015-12-10,36.7599983215332
2015-12-11,35.619998931884766
2015-12-14,36.310001373291016
2015-12-15,37.349998474121094
2015-12-16,35.52000045776367
2015-12-17,34.95000076293945
2015-12-18,34.72999954223633
2015-12-21,34.7400016784668
2015-12-22,36.13999938964844
2015-12-23,37.5
2015-12-24,38.099998474121094
2015-12-28,36.810001373291016
2015-12-29,37.869998931884766
2015-12-30,36.599998474121094
2015-12-31,37.040000915527344
2016-01-04,36.7599983215332
2016-01-05,35.970001220703125
2016-01-06,33.970001220703125
2016-01-07,33.27000045776367
2016-01-08,33.15999984741211
2016-01-11,31.40999984741211
2016-01-12,30.440000534057617
2016-01-13,30.479999542236328
2016-01-14,31.200000762939453
2016-01-15,29.420000076293945
2016-01-19,28.459999084472656
2016-01-20,26.549999237060547
2016-01-21,29.530000686645508
2016-01-22,32.189998626708984
2016-01-25,30.34000015258789
2016-01-26,31.450000762939453
2016-01-27,32.29999923706055
2016-01-28,33.220001220703125
2016-01-29,33.619998931884766
2016-02-01,31.6200008392334
2016-02-02,29.8799991607666
2016-02-03,32.279998779296875
2016-02-04,31.719999313354492
2016-02-05,30.889999389648438
2016-02-08,29.690000534057617
2016-02-09,27.940000534057617
2016-02-10,27.450000762939453
2016-02-11,26.209999084472656
2016-02-12,29.440000534057617
2016-02-16,29.040000915527344
2016-02-17,30.65999984741211
2016-02-18,30.770000457763672
2016-02-19,29.639999389648438
2016-02-22,31.479999542236328
2016-02-23,31.8700008392334
2016-02-24,32.150001525878906
2016-02-25,33.06999969482422
2016-02-26,32.779998779296875
2016-02-29,33.75
2016-03-01,34.400001525878906
2016-03-02,34.65999984741211
2016-03-03,34.56999969482422
2016-03-04,35.91999816894531
2016-03-07,37.900001525878906
2016-03-08,36.5
2016-03-09,38.290000915527344
2016-03-10,37.84000015258789
2016-03-11,38.5
2016-03-14,37.18000030517578
2016-03-15,36.34000015258789
2016-03-16,38.459999084472656
2016-03-17,40.20000076293945
2016-03-18,39.439998626708984
2016-03-21,39.90999984741211
2016-03-22,41.45000076293945
2016-03-23,39.790000915527344
2016-03-24,39.459999084472656
2016-03-28,39.38999938964844
2016-03-29,38.279998779296875
2016-03-30,38.31999969482422
2016-03-31,38.34000015258789
2016-04-01,36.790000915527344
2016-04-04,35.70000076293945
2016-04-05,35.88999938964844
2016-04-06,37.75
2016-04-07,37.2599983215332
2016-04-08,39.720001220703125
2016-04-11,40.36000061035156
2016-04-12,42.16999816894531
2016-04-13,41.7599983215332
2016-04-14,41.5
2016-04-15,40.36000061035156
2016-04-18,39.779998779296875
2016-04-19,41.08000183105469
2016-04-20,42.630001068115234
2016-04-21,43.18000030517578
2016-04-22,43.72999954223633
2016-04-25,42.63999938964844
2016-04-26,44.040000915527344
2016-04-27,45.33000183105469
2016-04-28,46.029998779296875
2016-04-29,45.91999816894531
2016-05-02,44.779998779296875
2016-05-03,43.650001525878906
2016-05-04,43.779998779296875
2016-05-05,44.31999969482422
2016-05-06,44.65999984741211
2016-05-09,43.439998626708984
2016-05-10,44.65999984741211
2016-05-11,46.22999954223633
2016-05-12,46.70000076293945
2016-05-13,46.209999084472656
2016-05-16,47.720001220703125
2016-05-17,48.310001373291016
2016-05-18,48.189998626708984
2016-05-19,48.15999984741211
2016-05-20,47.75
2016-05-23,48.08000183105469
2016-05-24,48.619998931884766
2016-05-25,49.560001373291016
2016-05-26,49.47999954223633
2016-05-27,49.33000183105469
2016-05-31,49.099998474121094
2016-06-01,49.0099983215332
2016-06-02,49.16999816894531
2016-06-03,48.619998931884766
2016-06-06,49.689998626708984
2016-06-07,50.36000061035156
2016-06-08,51.22999954223633
2016-06-09,50.560001373291016
2016-06-10,49.06999969482422
2016-06-13,48.880001068115234
2016-06-14,48.4900016784668
2016-06-15,48.0099983215332
2016-06-16,46.209999084472656
2016-06-17,47.97999954223633
2016-06-20,49.369998931884766
2016-06-21,48.849998474121094
2016-06-22,49.130001068115234
2016-06-23,50.11000061035156
2016-06-24,47.63999938964844
2016-06-27,46.33000183105469
2016-06-28,47.849998474121094
2016-06-29,49.880001068115234
2016-06-30,48.33000183105469
2016-07-01,48.9900016784668
2016-07-05,46.599998474121094
2016-07-06,47.43000030517578
2016-07-07,45.13999938964844
2016-07-08,45.40999984741211
2016-07-11,44.7599983215332
2016-07-12,46.79999923706055
2016-07-13,44.75
2016-07-14,45.68000030517578
2016-07-15,45.95000076293945
2016-07-18,45.2400016784668
2016-07-19,44.650001525878906
2016-07-20,44.939998626708984
2016-07-21,44.75
2016-07-22,44.189998626708984
2016-07-25,43.130001068115234
2016-07-26,42.91999816894531
2016-07-27,41.91999816894531
2016-07-28,41.13999938964844
2016-07-29,41.599998474121094
2016-08-01,40.060001373291016
2016-08-02,39.5099983215332
2016-08-03,40.83000183105469
2016-08-04,41.93000030517578
2016-08-05,41.79999923706055
2016-08-08,43.02000045776367
2016-08-09,42.77000045776367
2016-08-10,41.709999084472656
2016-08-11,43.4900016784668
2016-08-12,44.4900016784668
2016-08-15,45.7400016784668
2016-08-16,46.58000183105469
2016-08-17,46.790000915527344
2016-08-18,48.220001220703125
2016-08-19,48.52000045776367
2016-08-22,47.04999923706055
2016-08-23,48.099998474121094
2016-08-24,46.77000045776367
2016-08-25,47.33000183105469
2016-08-26,47.63999938964844
2016-08-29,46.97999954223633
2016-08-30,46.349998474121094
2016-08-31,44.70000076293945
2016-09-01,43.15999984741211
2016-09-02,44.439998626708984
2016-09-06,44.83000183105469
2016-09-07,45.5
2016-09-08,47.619998931884766
2016-09-09,45.880001068115234
2016-09-12,46.290000915527344
2016-09-13,44.900001525878906
2016-09-14,43.58000183105469
2016-09-15,43.90999984741211
2016-09-16,43.029998779296875
2016-09-19,43.29999923706055
2016-09-20,43.439998626708984
2016-09-21,45.34000015258789
2016-09-22,46.31999969482422
2016-09-23,44.47999954223633
2016-09-26,45.93000030517578
2016-09-27,44.66999816894531
2016-09-28,47.04999923706055
2016-09-29,47.83000183105469
2016-09-30,48.2400016784668
2016-10-03,48.810001373291016
2016-10-04,48.689998626708984
2016-10-05,49.83000183105469
2016-10-06,50.439998626708984
2016-10-07,49.810001373291016
2016-10-11,50.790000915527344
2016-10-12,50.18000030517578
2016-10-13,50.439998626708984
2016-10-14,50.349998474121094
2016-10-17,49.939998626708984
2016-10-18,50.290000915527344
2016-10-19,51.599998474121094
2016-10-20,50.43000030517578
2016-10-21,50.849998474121094
2016-10-24,50.52000045776367
2016-10-25,49.959999084472656
2016-10-26,49.18000030517578
2016-10-27,49.720001220703125
2016-10-28,48.70000076293945
2016-10-31,46.86000061035156
2016-11-01,46.66999816894531
2016-11-02,45.34000015258789
2016-11-03,44.65999984741211
2016-11-04,44.06999969482422
2016-11-07,44.88999938964844
2016-11-08,44.97999954223633
2016-11-09,45.27000045776367
2016-11-10,44.65999984741211
2016-11-14,43.31999969482422
2016-11-15,45.810001373291016
2016-11-16,45.56999969482422
2016-11-17,45.41999816894531
2016-11-18,45.689998626708984
2016-11-21,47.4900016784668
2016-11-22,48.029998779296875
2016-11-23,47.959999084472656
2016-11-25,46.060001373291016
2016-11-28,47.08000183105469
2016-11-29,45.22999954223633
2016-11-30,49.439998626708984
2016-12-01,51.060001373291016
2016-12-02,51.68000030517578
2016-12-05,51.790000915527344
2016-12-06,50.93000030517578
2016-12-07,49.77000045776367
2016-12-08,50.84000015258789
2016-12-09,51.5
2016-12-12,52.83000183105469
2016-12-13,52.97999954223633
2016-12-14,51.040000915527344
2016-12-15,50.900001525878906
2016-12-16,51.900001525878906
2016-12-19,52.119998931884766
2016-12-20,52.22999954223633
2016-12-21,52.4900016784668
2016-12-22,52.95000076293945
2016-12-23,53.02000045776367
2016-12-27,53.900001525878906
2016-12-28,54.060001373291016
2016-12-29,53.77000045776367
2016-12-30,53.720001220703125
2017-01-03,52.33000183105469
2017-01-04,53.2599983215332
2017-01-05,53.7599983215332
2017-01-06,53.9900016784668
2017-01-09,51.959999084472656
2017-01-10,50.81999969482422
2017-01-11,52.25
2017-01-12,53.0099983215332
2017-01-13,52.369998931884766
2017-01-17,52.47999954223633
2017-01-18,51.08000183105469
2017-01-19,51.369998931884766
2017-01-20,52.41999816894531
2017-01-23,52.75
2017-01-24,53.18000030517578
2017-01-25,52.75
2017-01-26,53.779998779296875
2017-01-27,53.16999816894531
2017-01-30,52.630001068115234
2017-01-31,52.810001373291016
2017-02-01,53.880001068115234
2017-02-02,53.540000915527344
2017-02-03,53.83000183105469
2017-02-06,53.0099983215332
2017-02-07,52.16999816894531
2017-02-08,52.34000015258789
2017-02-09,53.0
2017-02-10,53.86000061035156
2017-02-13,52.93000030517578
2017-02-14,53.20000076293945
2017-02-15,53.11000061035156
2017-02-16,53.36000061035156
2017-02-17,53.400001525878906
2017-02-21,54.060001373291016
2017-02-22,53.59000015258789
2017-02-23,54.45000076293945
2017-02-24,53.9900016784668
2017-02-27,54.04999923706055
2017-02-28,54.0099983215332
2017-03-01,53.83000183105469
2017-03-02,52.61000061035156
2017-03-03,53.33000183105469
2017-03-06,53.20000076293945
2017-03-07,53.13999938964844
2017-03-08,50.279998779296875
2017-03-09,49.279998779296875
2017-03-10,48.4900016784668
2017-03-13,48.400001525878906
2017-03-14,47.720001220703125
2017-03-15,48.86000061035156
2017-03-16,48.75
2017-03-17,48.779998779296875
2017-03-20,48.220001220703125
2017-03-21,47.34000015258789
2017-03-22,48.040000915527344
2017-03-23,47.70000076293945
2017-03-24,47.970001220703125
2017-03-27,47.72999954223633
2017-03-28,48.369998931884766
2017-03-29,49.5099983215332
2017-03-30,50.349998474121094
2017-03-31,50.599998474121094
2017-04-03,50.2400016784668
2017-04-04,51.029998779296875
2017-04-05,51.150001525878906
2017-04-06,51.70000076293945
2017-04-07,52.2400016784668
2017-04-10,53.08000183105469
2017-04-11,53.400001525878906
2017-04-12,53.11000061035156
2017-04-13,53.18000030517578
2017-04-17,52.650001525878906
2017-04-18,52.40999984741211
2017-04-19,50.439998626708984
2017-04-20,50.27000045776367
2017-04-21,49.619998931884766
2017-04-24,49.22999954223633
2017-04-25,49.560001373291016
2017-04-26,49.619998931884766
2017-04-27,48.970001220703125
2017-04-28,49.33000183105469
2017-05-01,48.84000015258789
2017-05-02,47.65999984741211
2017-05-03,47.81999969482422
2017-05-04,45.52000045776367
2017-05-05,46.220001220703125
2017-05-08,46.43000030517578
2017-05-09,45.880001068115234
2017-05-10,47.33000183105469
2017-05-11,47.83000183105469
2017-05-12,47.84000015258789
2017-05-15,48.849998474121094
2017-05-16,48.65999984741211
2017-05-17,49.06999969482422
2017-05-18,49.349998474121094
2017-05-19,50.33000183105469
2017-05-22,50.72999954223633
2017-05-23,51.470001220703125
2017-05-24,51.36000061035156
2017-05-25,48.900001525878906
2017-05-26,49.79999923706055
2017-05-30,49.65999984741211
2017-05-31,48.31999969482422
2017-06-01,48.36000061035156
2017-06-02,47.65999984741211
2017-06-05,47.400001525878906
2017-06-06,48.189998626708984
2017-06-07,45.720001220703125
2017-06-08,45.63999938964844
2017-06-09,45.83000183105469
2017-06-12,46.08000183105469
2017-06-13,46.459999084472656
2017-06-14,44.72999954223633
2017-06-15,44.459999084472656
2017-06-16,44.7400016784668
2017-06-19,44.20000076293945
2017-06-20,43.22999954223633
2017-06-21,42.529998779296875
2017-06-22,42.7400016784668
2017-06-23,43.0099983215332
2017-06-26,43.380001068115234
2017-06-27,44.2400016784668
2017-06-28,44.7400016784668
2017-06-29,44.93000030517578
2017-06-30,46.040000915527344
2017-07-05,45.130001068115234
2017-07-06,45.52000045776367
2017-07-07,44.22999954223633
2017-07-10,44.400001525878906
2017-07-11,45.040000915527344
2017-07-12,45.4900016784668
2017-07-13,46.08000183105469
2017-07-14,46.540000915527344
2017-07-17,46.02000045776367
2017-07-18,46.400001525878906
2017-07-19,47.119998931884766
2017-07-20,46.790000915527344
2017-07-21,45.77000045776367
2017-07-24,46.34000015258789
2017-07-25,47.88999938964844
2017-07-26,48.75
2017-07-27,49.040000915527344
2017-07-28,49.709999084472656
2017-07-31,50.16999816894531
2017-08-01,49.15999984741211
2017-08-02,49.59000015258789
2017-08-03,49.029998779296875
2017-08-04,49.58000183105469
2017-08-07,49.38999938964844
2017-08-08,49.16999816894531
2017-08-09,49.560001373291016
2017-08-10,48.59000015258789
2017-08-11,48.81999969482422
2017-08-14,47.59000015258789
2017-08-15,47.54999923706055
2017-08-16,46.779998779296875
2017-08-17,47.09000015258789
2017-08-18,48.5099983215332
2017-08-21,47.369998931884766
2017-08-22,47.63999938964844
2017-08-23,48.40999984741211
2017-08-24,47.43000030517578
2017-08-25,47.869998931884766
2017-08-28,46.56999969482422
2017-08-29,46.439998626708984
2017-08-30,45.959999084472656
2017-08-31,47.22999954223633
2017-09-01,47.290000915527344
2017-09-05,48.65999984741211
2017-09-06,49.15999984741211
2017-09-07,49.09000015258789
2017-09-08,47.47999954223633
2017-09-11,48.06999969482422
2017-09-12,48.22999954223633
2017-09-13,49.29999923706055
2017-09-14,49.88999938964844
2017-09-15,49.88999938964844
2017-09-18,49.90999984741211
2017-09-19,49.47999954223633
2017-09-20,50.40999984741211
2017-09-21,50.54999923706055
2017-09-22,50.65999984741211
2017-09-25,52.220001220703125
2017-09-26,51.880001068115234
2017-09-27,52.13999938964844
2017-09-28,51.560001373291016
2017-09-29,51.66999816894531
2017-10-02,50.58000183105469
2017-10-03,50.41999816894531
2017-10-04,49.97999954223633
2017-10-05,50.790000915527344
2017-10-06,49.290000915527344
2017-10-09,49.58000183105469
2017-10-10,50.91999816894531
2017-10-11,51.29999923706055
2017-10-12,50.599998474121094
2017-10-13,51.45000076293945
2017-10-16,51.869998931884766
2017-10-17,51.880001068115234
2017-10-18,52.040000915527344
2017-10-19,51.290000915527344
2017-10-20,51.470001220703125
2017-10-23,51.900001525878906
2017-10-24,52.470001220703125
2017-10-25,52.18000030517578
2017-10-26,52.63999938964844
2017-10-27,53.900001525878906
2017-10-30,54.150001525878906
2017-10-31,54.380001068115234
2017-11-01,54.29999923706055
2017-11-02,54.540000915527344
2017-11-03,55.63999938964844
2017-11-06,57.349998474121094
2017-11-07,57.20000076293945
2017-11-08,56.810001373291016
2017-11-09,57.16999816894531
2017-11-10,56.7400016784668
2017-11-13,56.7599983215332
2017-11-14,55.70000076293945
2017-11-15,55.33000183105469
2017-11-16,55.13999938964844
2017-11-17,56.54999923706055
2017-11-20,56.09000015258789
2017-11-21,56.83000183105469
2017-11-22,58.02000045776367
2017-11-27,58.11000061035156
2017-11-28,57.9900016784668
2017-11-29,57.29999923706055
2017-11-30,57.400001525878906
2017-12-01,58.36000061035156
2017-12-04,57.470001220703125
2017-12-05,57.619998931884766
2017-12-06,55.959999084472656
2017-12-07,56.689998626708984
2017-12-08,57.36000061035156
2017-12-11,57.9900016784668
2017-12-12,57.13999938964844
2017-12-13,56.599998474121094
2017-12-14,57.040000915527344
2017-12-15,57.29999923706055
2017-12-18,57.15999984741211
2017-12-19,57.459999084472656
2017-12-20,58.09000015258789
2017-12-21,58.36000061035156
2017-12-22,58.470001220703125
2017-12-26,59.970001220703125
2017-12-27,59.63999938964844
2017-12-28,59.84000015258789
2017-12-29,60.41999816894531
2018-01-02,60.369998931884766
2018-01-03,61.630001068115234
2018-01-04,62.0099983215332
2018-01-05,61.439998626708984
2018-01-08,61.72999954223633
2018-01-09,62.959999084472656
2018-01-10,63.56999969482422
2018-01-11,63.79999923706055
2018-01-12,64.30000305175781
2018-01-16,63.72999954223633
2018-01-17,63.970001220703125
2018-01-18,63.95000076293945
2018-01-19,63.369998931884766
2018-01-22,63.4900016784668
2018-01-23,64.47000122070312
2018-01-24,65.61000061035156
2018-01-25,65.51000213623047
2018-01-26,66.13999938964844
2018-01-29,65.55999755859375
2018-01-30,64.5
2018-01-31,64.7300033569336
2018-02-01,65.80000305175781
2018-02-02,65.44999694824219
2018-02-05,64.1500015258789
2018-02-06,63.38999938964844
2018-02-07,61.790000915527344
2018-02-08,61.150001525878906
2018-02-09,59.20000076293945
2018-02-12,59.290000915527344
2018-02-13,59.189998626708984
2018-02-14,60.599998474121094
2018-02-15,61.34000015258789
2018-02-16,61.68000030517578
2018-02-20,61.900001525878906
2018-02-21,61.68000030517578
2018-02-22,62.77000045776367
2018-02-23,63.54999923706055
2018-02-26,63.90999984741211
2018-02-27,63.0099983215332
2018-02-28,61.63999938964844
2018-03-01,60.9900016784668
2018-03-02,61.25
2018-03-05,62.56999969482422
2018-03-06,62.599998474121094
2018-03-07,61.150001525878906
2018-03-08,60.119998931884766
2018-03-09,62.040000915527344
2018-03-12,61.36000061035156
2018-03-13,60.709999084472656
2018-03-14,60.959999084472656
2018-03-15,61.189998626708984
2018-03-16,62.34000015258789
2018-03-19,62.060001373291016
2018-03-20,63.400001525878906
2018-03-21,65.16999816894531
2018-03-22,64.30000305175781
2018-03-23,65.87999725341797
2018-03-26,65.55000305175781
2018-03-27,65.25
2018-03-28,64.37999725341797
2018-03-29,64.94000244140625
2018-04-02,63.0099983215332
2018-04-03,63.5099983215332
2018-04-04,63.369998931884766
2018-04-05,63.540000915527344
2018-04-06,62.060001373291016
2018-04-09,63.41999816894531
2018-04-10,65.51000213623047
2018-04-11,66.81999969482422
2018-04-12,67.06999969482422
2018-04-13,67.38999938964844
2018-04-16,66.22000122070312
2018-04-17,66.5199966430664
2018-04-18,68.47000122070312
2018-04-19,68.29000091552734
2018-04-20,68.37999725341797
2018-04-23,68.63999938964844
2018-04-24,67.69999694824219
2018-04-25,68.05000305175781
2018-04-26,68.19000244140625
2018-04-27,68.0999984741211
2018-04-30,68.56999969482422
2018-05-01,67.25
2018-05-02,67.93000030517578
2018-05-03,68.43000030517578
2018-05-04,69.72000122070312
2018-05-07,70.7300033569336
2018-05-08,69.05999755859375
2018-05-09,71.13999938964844
2018-05-10,71.36000061035156
2018-05-11,70.69999694824219
2018-05-14,70.95999908447266
2018-05-15,71.30999755859375
2018-05-16,71.48999786376953
2018-05-17,71.48999786376953
2018-05-18,71.27999877929688
2018-05-21,72.23999786376953
2018-05-22,72.12999725341797
2018-05-23,71.83999633789062
2018-05-24,70.70999908447266
2018-05-25,67.87999725341797
2018-05-29,66.7300033569336
2018-05-30,68.20999908447266
2018-05-31,67.04000091552734
2018-06-01,65.80999755859375
2018-06-04,64.75
2018-06-05,65.5199966430664
2018-06-06,64.7300033569336
2018-06-07,65.94999694824219
2018-06-08,65.73999786376953
2018-06-11,66.0999984741211
2018-06-12,66.36000061035156
2018-06-13,66.63999938964844
2018-06-14,66.88999938964844
2018-06-15,65.05999755859375
2018-06-18,65.8499984741211
2018-06-19,65.06999969482422
2018-06-20,66.22000122070312
2018-06-21,65.54000091552734
2018-06-22,68.58000183105469
2018-06-25,68.08000183105469
2018-06-26,70.52999877929688
2018-06-27,72.76000213623047
2018-06-28,73.44999694824219
2018-06-29,74.1500015258789
2018-07-02,73.94000244140625
2018-07-05,72.94000244140625
2018-07-06,73.80000305175781
2018-07-09,73.8499984741211
2018-07-10,74.11000061035156
2018-07-11,70.37999725341797
2018-07-12,70.33000183105469
2018-07-13,71.01000213623047
2018-07-16,68.05999755859375
2018-07-17,68.08000183105469
2018-07-18,68.76000213623047
2018-07-19,69.45999908447266
2018-07-20,70.45999908447266
2018-07-23,67.88999938964844
2018-07-24,68.5199966430664
2018-07-25,69.30000305175781
2018-07-26,69.61000061035156
2018-07-27,68.69000244140625
2018-07-30,70.12999725341797
2018-07-31,68.76000213623047
2018-08-01,67.66000366210938
2018-08-02,68.95999908447266
2018-08-03,68.48999786376953
2018-08-06,69.01000213623047
2018-08-07,69.16999816894531
2018-08-08,66.94000244140625
2018-08-09,66.80999755859375
2018-08-10,67.62999725341797
2018-08-13,67.19999694824219
2018-08-14,67.04000091552734
2018-08-15,65.01000213623047
2018-08-16,65.45999908447266
2018-08-17,65.91000366210938
2018-08-20,66.43000030517578
2018-08-21,67.3499984741211
2018-08-22,67.86000061035156
2018-08-23,67.83000183105469
2018-08-24,68.72000122070312
2018-08-27,68.87000274658203
2018-08-28,68.52999877929688
2018-08-29,69.51000213623047
2018-08-30,70.25
2018-08-31,69.80000305175781
2018-09-04,69.87000274658203
2018-09-05,68.72000122070312
2018-09-06,67.7699966430664
2018-09-07,67.75
2018-09-10,67.54000091552734
2018-09-11,69.25
2018-09-12,70.37000274658203
2018-09-13,68.58999633789062
2018-09-14,68.98999786376953
2018-09-17,68.91000366210938
2018-09-18,69.8499984741211
2018-09-19,71.12000274658203
2018-09-20,70.80000305175781
2018-09-21,70.77999877929688
2018-09-24,72.08000183105469
2018-09-25,72.27999877929688
2018-09-26,71.56999969482422
2018-09-27,72.12000274658203
2018-09-28,73.25
2018-10-01,75.30000305175781
2018-10-02,75.2300033569336
2018-10-03,76.41000366210938
2018-10-04,74.33000183105469
2018-10-05,74.33999633789062
2018-10-08,74.29000091552734
2018-10-09,74.95999908447266
2018-10-10,73.16999816894531
2018-10-11,70.97000122070312
2018-10-12,71.33999633789062
2018-10-15,71.77999877929688
2018-10-16,71.91999816894531
2018-10-17,69.75
2018-10-18,68.6500015258789
2018-10-19,69.12000274658203
2018-10-22,69.16999816894531
2018-10-23,66.43000030517578
2018-10-24,66.81999969482422
2018-10-25,67.33000183105469
2018-10-26,67.58999633789062
2018-10-29,67.04000091552734
2018-10-30,66.18000030517578
2018-10-31,65.30999755859375
2018-11-01,63.689998626708984
2018-11-02,63.13999938964844
2018-11-05,63.099998474121094
2018-11-06,62.209999084472656
2018-11-07,61.66999816894531
2018-11-08,60.66999816894531
2018-11-09,60.189998626708984
2018-11-12,59.93000030517578
2018-11-13,55.689998626708984
2018-11-14,56.25
2018-11-15,56.459999084472656
2018-11-16,56.459999084472656
2018-11-19,56.7599983215332
2018-11-20,53.43000030517578
2018-11-21,54.630001068115234
2018-11-26,51.630001068115234
2018-11-27,51.560001373291016
2018-11-28,50.290000915527344
2018-11-29,51.45000076293945
2018-11-30,50.93000030517578
2018-12-03,52.95000076293945
2018-12-04,53.25
2018-12-06,51.4900016784668
2018-12-07,52.61000061035156
2018-12-10,51.0
2018-12-11,51.650001525878906
2018-12-12,51.150001525878906
2018-12-13,52.58000183105469
2018-12-14,51.20000076293945
2018-12-17,49.880001068115234
2018-12-18,46.2400016784668
2018-12-19,47.20000076293945
2018-12-20,45.880001068115234
2018-12-21,45.59000015258789
2018-12-26,46.220001220703125
2018-12-27,44.61000061035156
2018-12-28,45.33000183105469
2018-12-31,45.40999984741211
2019-01-02,46.540000915527344
2019-01-03,47.09000015258789
2019-01-04,47.959999084472656
2019-01-07,48.52000045776367
2019-01-08,49.779998779296875
2019-01-09,52.36000061035156
2019-01-10,52.59000015258789
2019-01-11,51.59000015258789
2019-01-14,50.5099983215332
2019-01-15,52.11000061035156
2019-01-16,52.310001373291016
2019-01-17,52.06999969482422
2019-01-18,53.79999923706055
2019-01-22,52.56999969482422
2019-01-23,52.619998931884766
2019-01-24,53.130001068115234
2019-01-25,53.689998626708984
2019-01-28,51.9900016784668
2019-01-29,53.310001373291016
2019-01-30,54.22999954223633
2019-01-31,53.790000915527344
2019-02-01,55.2599983215332
2019-02-04,54.560001373291016
2019-02-05,53.65999984741211
2019-02-06,54.0099983215332
2019-02-07,52.63999938964844
2019-02-08,52.720001220703125
2019-02-11,52.40999984741211
2019-02-12,53.099998474121094
2019-02-13,53.900001525878906
2019-02-14,54.40999984741211
2019-02-15,55.59000015258789
2019-02-19,56.09000015258789
2019-02-20,56.91999816894531
2019-02-21,56.959999084472656
2019-02-22,57.2599983215332
2019-02-25,55.47999954223633
2019-02-26,55.5
2019-02-27,56.939998626708984
2019-02-28,57.220001220703125
2019-03-01,55.79999923706055
2019-03-04,56.59000015258789
2019-03-05,56.560001373291016
2019-03-06,56.220001220703125
2019-03-07,56.65999984741211
2019-03-08,56.06999969482422
2019-03-11,56.790000915527344
2019-03-12,56.869998931884766
2019-03-13,58.2599983215332
2019-03-14,58.61000061035156
2019-03-15,58.52000045776367
2019-03-18,59.09000015258789
2019-03-19,59.029998779296875
2019-03-20,59.83000183105469
2019-03-21,59.97999954223633
2019-03-22,59.040000915527344
2019-03-25,58.81999969482422
2019-03-26,59.939998626708984
2019-03-27,59.40999984741211
2019-03-28,59.29999923706055
2019-03-29,60.13999938964844
2019-04-01,61.59000015258789
2019-04-02,62.58000183105469
2019-04-03,62.459999084472656
2019-04-04,62.099998474121094
2019-04-05,63.08000183105469
2019-04-08,64.4000015258789
2019-04-09,63.97999954223633
2019-04-10,64.61000061035156
2019-04-11,63.58000183105469
2019-04-12,63.88999938964844
2019-04-15,63.400001525878906
2019-04-16,64.05000305175781
2019-04-17,63.7599983215332
2019-04-18,64.0
2019-04-22,65.69999694824219
2019-04-23,66.30000305175781
2019-04-24,65.88999938964844
2019-04-25,65.20999908447266
2019-04-26,63.29999923706055
2019-04-29,63.5
2019-04-30,63.90999984741211
2019-05-01,63.599998474121094
2019-05-02,61.810001373291016
2019-05-03,61.939998626708984
2019-05-06,62.25
2019-05-07,61.400001525878906
2019-05-08,62.119998931884766
2019-05-09,61.70000076293945
2019-05-10,61.65999984741211
2019-05-13,61.040000915527344
2019-05-14,61.779998779296875
2019-05-15,62.02000045776367
2019-05-16,62.869998931884766
2019-05-17,62.7599983215332
2019-05-20,63.099998474121094
2019-05-21,62.9900016784668
2019-05-22,61.41999816894531
2019-05-23,57.90999984741211
2019-05-24,58.630001068115234
2019-05-28,59.13999938964844
2019-05-29,58.810001373291016
2019-05-30,56.59000015258789
2019-05-31,53.5
2019-06-03,53.25
2019-06-04,53.47999954223633
2019-06-05,51.68000030517578
2019-06-06,52.59000015258789
2019-06-07,53.9900016784668
2019-06-10,53.2599983215332
2019-06-11,53.27000045776367
2019-06-12,51.13999938964844
2019-06-13,52.279998779296875
2019-06-14,52.5099983215332
2019-06-17,51.93000030517578
2019-06-18,53.900001525878906
2019-06-19,53.7599983215332
2019-06-20,56.650001525878906
2019-06-21,57.43000030517578
2019-06-24,57.900001525878906
2019-06-25,57.83000183105469
2019-06-26,59.380001068115234
2019-06-27,59.43000030517578
2019-06-28,58.470001220703125
2019-07-01,59.09000015258789
2019-07-02,56.25
2019-07-05,57.5099983215332
2019-07-08,57.65999984741211
2019-07-09,57.83000183105469
2019-07-10,60.43000030517578
2019-07-11,60.20000076293945
2019-07-12,60.209999084472656
2019-07-15,59.58000183105469
2019-07-16,57.619998931884766
2019-07-17,56.779998779296875
2019-07-18,55.29999923706055
2019-07-19,55.630001068115234
2019-07-22,56.220001220703125
2019-07-23,56.77000045776367
2019-07-24,55.880001068115234
2019-07-25,56.02000045776367
2019-07-26,56.20000076293945
2019-07-29,56.869998931884766
2019-07-30,58.04999923706055
2019-07-31,58.58000183105469
2019-08-01,53.95000076293945
2019-08-02,55.65999984741211
2019-08-05,54.689998626708984
2019-08-06,53.630001068115234
2019-08-07,51.09000015258789
2019-08-08,52.540000915527344
2019-08-09,54.5
2019-08-12,54.93000030517578
2019-08-13,57.099998474121094
2019-08-14,55.22999954223633
2019-08-15,54.470001220703125
2019-08-16,54.869998931884766
2019-08-19,56.209999084472656
2019-08-20,56.34000015258789
2019-08-21,55.68000030517578
2019-08-22,55.349998474121094
2019-08-23,54.16999816894531
2019-08-26,53.63999938964844
2019-08-27,54.93000030517578
2019-08-28,55.779998779296875
2019-08-29,56.709999084472656
2019-08-30,55.099998474121094
2019-09-03,53.939998626708984
2019-09-04,56.2599983215332
2019-09-05,56.29999923706055
2019-09-06,56.52000045776367
2019-09-09,57.849998474121094
2019-09-10,57.400001525878906
2019-09-11,55.75
2019-09-12,55.09000015258789
2019-09-13,54.849998474121094
2019-09-16,62.900001525878906
2019-09-17,59.34000015258789
2019-09-18,58.11000061035156
2019-09-19,58.130001068115234
2019-09-20,58.09000015258789
2019-09-23,58.63999938964844
2019-09-24,57.290000915527344
2019-09-25,56.4900016784668
2019-09-26,56.40999984741211
2019-09-27,55.90999984741211
2019-09-30,54.06999969482422
2019-10-01,53.619998931884766
2019-10-02,52.63999938964844
2019-10-03,52.45000076293945
2019-10-04,52.810001373291016
2019-10-07,52.75
2019-10-08,52.630001068115234
2019-10-09,52.59000015258789
2019-10-10,53.54999923706055
2019-10-11,54.70000076293945
2019-10-14,53.59000015258789
2019-10-15,52.810001373291016
2019-10-16,53.36000061035156
2019-10-17,53.93000030517578
2019-10-18,53.779998779296875
2019-10-21,53.310001373291016
2019-10-22,54.15999984741211
2019-10-23,55.970001220703125
2019-10-24,56.22999954223633
2019-10-25,56.65999984741211
2019-10-28,55.810001373291016
2019-10-29,55.540000915527344
2019-10-30,55.060001373291016
2019-10-31,54.18000030517578
2019-11-01,56.20000076293945
2019-11-04,56.540000915527344
2019-11-05,57.22999954223633
2019-11-06,56.349998474121094
2019-11-07,57.150001525878906
2019-11-08,57.2400016784668
2019-11-11,56.86000061035156
2019-11-12,56.79999923706055
2019-11-13,57.119998931884766
2019-11-14,56.77000045776367
2019-11-15,57.720001220703125
2019-11-18,57.04999923706055
2019-11-19,55.209999084472656
2019-11-20,57.11000061035156
2019-11-21,58.58000183105469
2019-11-22,57.77000045776367
2019-11-25,58.0099983215332
2019-11-26,58.40999984741211
2019-11-27,58.11000061035156
2019-12-02,55.959999084472656
2019-12-03,56.099998474121094
2019-12-04,58.43000030517578
2019-12-05,58.43000030517578
2019-12-06,59.20000076293945
2019-12-09,59.02000045776367
2019-12-10,59.2400016784668
2019-12-11,58.7599983215332
2019-12-12,59.18000030517578
2019-12-13,60.06999969482422
2019-12-16,60.209999084472656
2019-12-17,60.939998626708984
2019-12-18,60.93000030517578
2019-12-19,61.220001220703125
2019-12-20,60.439998626708984
2019-12-23,60.52000045776367
2019-12-26,61.68000030517578
2019-12-27,61.720001220703125
2019-12-30,61.68000030517578
2019-12-31,61.060001373291016
2020-01-02,61.18000030517578
2020-01-03,63.04999923706055
2020-01-06,63.27000045776367
2020-01-07,62.70000076293945
2020-01-08,59.61000061035156
2020-01-09,59.560001373291016
2020-01-10,59.040000915527344
2020-01-13,58.08000183105469
2020-01-14,58.22999954223633
2020-01-15,57.810001373291016
2020-01-16,58.52000045776367
2020-01-17,58.540000915527344
2020-01-21,58.34000015258789
2020-01-22,56.7400016784668
2020-01-23,55.59000015258789
2020-01-24,54.189998626708984
2020-01-26,52.63999938964844
2020-01-27,53.13999938964844
2020-01-28,53.47999954223633
2020-01-29,53.33000183105469
2020-01-30,52.13999938964844
2020-01-31,51.560001373291016
2020-02-02,51.0099983215332
2020-02-03,50.11000061035156
2020-02-04,49.61000061035156
2020-02-05,50.75
2020-02-06,50.95000076293945
2020-02-07,50.31999969482422
2020-02-09,49.7599983215332
2020-02-10,49.56999969482422
2020-02-11,49.939998626708984
2020-02-12,51.16999816894531
2020-02-13,51.41999816894531
2020-02-14,52.04999923706055
2020-02-16,52.18000030517578
2020-02-18,52.04999923706055
2020-02-19,53.290000915527344
2020-02-20,53.779998779296875
2020-02-21,53.380001068115234
2020-02-23,52.08000183105469
2020-02-24,51.43000030517578
2020-02-25,49.900001525878906
2020-02-26,48.72999954223633
2020-02-27,46.810001373291016
2020-02-28,47.09000015258789
2020-03-01,44.56999969482422
2020-03-02,44.7599983215332
2020-03-03,46.75
2020-03-04,47.18000030517578
2020-03-05,46.779998779296875
2020-03-06,45.900001525878906
2020-03-08,32.540000915527344
2020-03-09,41.279998779296875
2020-03-10,31.1299991607666
2020-03-11,34.36000061035156
2020-03-12,32.97999954223633
2020-03-13,32.93000030517578
2020-03-15,30.40999984741211
2020-03-16,31.729999542236328
2020-03-17,28.700000762939453
2020-03-18,27.329999923706055
2020-03-19,20.829999923706055
2020-03-20,25.90999984741211
2020-03-22,21.540000915527344
2020-03-23,24.450000762939453
2020-03-24,24.549999237060547
2020-03-25,24.309999465942383
2020-03-26,23.049999237060547
2020-03-27,21.84000015258789
2020-03-29,20.280000686645508
2020-03-30,20.479999542236328
2020-03-31,20.280000686645508
2020-04-01,21.190000534057617
2020-04-02,24.770000457763672
2020-04-03,29.0
2020-04-06,26.829999923706055
2020-04-07,26.079999923706055
2020-04-08,26.40999984741211
2020-04-09,23.190000534057617
2020-04-12,23.190000534057617
2020-04-13,22.920000076293945
2020-04-14,20.860000610351562
2020-04-15,20.290000915527344
2020-04-16,19.899999618530273
2020-04-17,18.1200008392334
2020-04-19,17.040000915527344
2020-04-20,-2.7200000286102295
2020-04-21,9.0600004196167
2020-04-22,11.569999694824219
2020-04-23,17.170000076293945
2020-04-24,17.18000030517578
2020-04-26,16.670000076293945
2020-04-27,12.34000015258789
2020-04-28,13.399999618530273
2020-04-29,12.34000015258789
2020-04-30,15.0600004196167
2020-05-01,18.84000015258789
2020-05-03,18.610000610351562
2020-05-04,19.780000686645508
2020-05-05,25.790000915527344
2020-05-06,23.780000686645508
2020-05-07,23.59000015258789
2020-05-08,24.6299991607666
2020-05-10,24.65999984741211
2020-05-11,24.510000228881836
2020-05-12,25.229999542236328
2020-05-13,25.690000534057617
2020-05-14,27.729999542236328
2020-05-15,29.649999618530273
2020-05-17,30.270000457763672
2020-05-18,33.22999954223633
2020-05-19,32.36000061035156
2020-05-20,33.599998474121094
2020-05-21,33.88999938964844
2020-05-22,33.560001373291016
2020-05-24,33.0
2020-05-26,33.25
2020-05-27,34.349998474121094
2020-05-28,32.810001373291016
2020-05-29,33.709999084472656
2020-05-31,35.29999923706055
2020-06-01,35.4900016784668
2020-06-02,35.439998626708984
2020-06-03,36.810001373291016
2020-06-04,37.290000915527344
2020-06-05,37.40999984741211
2020-06-07,40.41999816894531
2020-06-08,39.54999923706055
2020-06-09,38.189998626708984
2020-06-10,38.939998626708984
2020-06-11,39.599998474121094
2020-06-12,36.34000015258789
2020-06-14,35.59000015258789
2020-06-15,36.2599983215332
2020-06-16,37.119998931884766
2020-06-17,38.650001525878906
2020-06-18,38.209999084472656
2020-06-19,39.04999923706055
2020-06-21,39.77000045776367
2020-06-22,39.83000183105469
2020-06-23,40.72999954223633
2020-06-24,40.369998931884766
2020-06-25,38.0099983215332
2020-06-26,38.720001220703125
2020-06-28,37.849998474121094
2020-06-29,38.4900016784668
2020-06-30,39.70000076293945
2020-07-01,39.27000045776367
2020-07-02,39.81999969482422
2020-07-05,40.400001525878906
2020-07-06,40.650001525878906
2020-07-07,40.630001068115234
2020-07-08,40.619998931884766
2020-07-09,40.900001525878906
2020-07-10,39.619998931884766
2020-07-12,40.220001220703125
2020-07-13,40.54999923706055
2020-07-14,40.5099983215332
2020-07-15,41.0
2020-07-16,40.7599983215332
2020-07-17,40.56999969482422
2020-07-19,40.630001068115234
2020-07-20,40.650001525878906
2020-07-21,41.7599983215332
2020-07-22,41.72999954223633
2020-07-23,41.08000183105469
2020-07-24,41.34000015258789
