Date,^STOXX50E
2015-01-05,3023.139892578125
2015-01-06,3007.909912109375
2015-01-07,3026.7900390625
2015-01-08,3135.080078125
2015-01-09,3042.89990234375
2015-01-12,3084.179931640625
2015-01-13,3133.860107421875
2015-01-14,3089.669921875
2015-01-15,3157.360107421875
2015-01-16,3202.239990234375
2015-01-19,3220.89990234375
2015-01-20,3244.919921875
2015-01-21,3269.72998046875
2015-01-22,3322.64990234375
2015-01-23,3382.550048828125
2015-01-26,3414.280029296875
2015-01-27,3372.580078125
2015-01-28,3358.9599609375
2015-01-29,3371.830078125
2015-01-30,3351.43994140625
2015-02-02,3370.110107421875
2015-02-03,3414.179931640625
2015-02-04,3415.530029296875
2015-02-05,3408.9599609375
2015-02-06,3398.159912109375
2015-02-09,3347.75
2015-02-10,3383.1298828125
2015-02-11,3374.139892578125
2015-02-12,3417.610107421875
2015-02-13,3447.590087890625
2015-02-16,3433.300048828125
2015-02-17,3438.43994140625
2015-02-18,3465.800048828125
2015-02-19,3488.080078125
2015-02-20,3490.530029296875
2015-02-23,3519.580078125
2015-02-24,3547.10009765625
2015-02-25,3541.780029296875
2015-02-26,3574.93994140625
2015-02-27,3599.0
2015-03-02,3591.090087890625
2015-03-03,3549.110107421875
2015-03-04,3583.43994140625
2015-03-05,3618.2099609375
2015-03-06,3617.6201171875
2015-03-09,3610.280029296875
2015-03-10,3567.25
2015-03-11,3649.5400390625
2015-03-12,3641.320068359375
2015-03-13,3656.2099609375
2015-03-16,3706.75
2015-03-17,3672.159912109375
2015-03-18,3668.52001953125
2015-03-19,3670.72998046875
2015-03-20,3726.070068359375
2015-03-23,3699.0400390625
2015-03-24,3731.35009765625
2015-03-25,3684.0400390625
2015-03-26,3669.7900390625
2015-03-27,3679.030029296875
2015-03-30,3727.800048828125
2015-03-31,3697.3798828125
2015-04-01,3714.889892578125
2015-04-02,3715.27001953125
2015-04-07,3768.719970703125
2015-04-08,3742.6298828125
2015-04-09,3781.7900390625
2015-04-10,3816.760009765625
2015-04-13,3828.780029296875
2015-04-14,3784.530029296875
2015-04-15,3803.550048828125
2015-04-16,3751.719970703125
2015-04-17,3674.050048828125
2015-04-20,3718.0400390625
2015-04-21,3719.3798828125
2015-04-22,3724.489990234375
2015-04-23,3697.8798828125
2015-04-24,3713.9599609375
2015-04-27,3771.449951171875
2015-04-28,3715.419921875
2015-04-29,3617.110107421875
2015-04-30,3615.590087890625
2015-05-04,3632.93994140625
2015-05-05,3546.56005859375
2015-05-06,3558.030029296875
2015-05-07,3556.2099609375
2015-05-08,3649.47998046875
2015-05-11,3624.409912109375
2015-05-12,3573.10009765625
2015-05-13,3553.419921875
2015-05-15,3573.070068359375
2015-05-18,3589.219970703125
2015-05-19,3670.52001953125
2015-05-20,3683.47998046875
2015-05-21,3688.719970703125
2015-05-22,3679.139892578125
2015-05-26,3619.300048828125
2015-05-27,3682.8701171875
2015-05-28,3650.7099609375
2015-05-29,3570.780029296875
2015-06-01,3575.0400390625
2015-06-02,3561.889892578125
2015-06-03,3583.820068359375
2015-06-04,3556.3798828125
2015-06-05,3510.010009765625
2015-06-08,3468.31005859375
2015-06-09,3456.7900390625
2015-06-10,3526.47998046875
2015-06-11,3551.909912109375
2015-06-12,3502.77001953125
2015-06-15,3438.070068359375
2015-06-16,3454.090087890625
2015-06-17,3428.760009765625
2015-06-18,3450.449951171875
2015-06-19,3455.800048828125
2015-06-22,3596.070068359375
2015-06-23,3625.969970703125
2015-06-24,3610.949951171875
2015-06-25,3610.909912109375
2015-06-26,3621.3701171875
2015-06-29,3468.89990234375
2015-06-30,3424.300048828125
2015-07-01,3496.280029296875
2015-07-02,3463.25
2015-07-03,3441.760009765625
2015-07-06,3365.199951171875
2015-07-07,3294.18994140625
2015-07-08,3327.5
2015-07-09,3420.030029296875
2015-07-10,3528.81005859375
2015-07-13,3590.429931640625
2015-07-14,3607.18994140625
2015-07-15,3623.8701171875
2015-07-16,3676.409912109375
2015-07-17,3670.340087890625
2015-07-20,3686.580078125
2015-07-21,3647.9599609375
2015-07-22,3635.580078125
2015-07-23,3634.639892578125
2015-07-24,3600.0
2015-07-27,3513.10009765625
2015-07-28,3554.110107421875
2015-07-29,3575.530029296875
2015-07-30,3583.7900390625
2015-07-31,3600.68994140625
2015-08-03,3635.39990234375
2015-08-04,3619.31005859375
2015-08-05,3676.75
2015-08-06,3668.469970703125
2015-08-07,3637.800048828125
2015-08-10,3674.93994140625
2015-08-12,3484.409912109375
2015-08-17,3497.89990234375
2015-08-19,3429.840087890625
2015-08-20,3353.47998046875
2015-08-21,3247.260009765625
2015-08-24,3073.389892578125
2015-08-25,3218.010009765625
2015-08-26,3170.72998046875
2015-08-27,3280.780029296875
2015-08-28,3286.590087890625
2015-08-31,3269.6298828125
2015-09-01,3188.72998046875
2015-09-02,3198.860107421875
2015-09-03,3270.090087890625
2015-09-04,3180.25
2015-09-07,3197.969970703125
2015-09-08,3233.840087890625
2015-09-10,3221.139892578125
2015-09-11,3187.93994140625
2015-09-14,3175.6201171875
2015-09-15,3207.60009765625
2015-09-16,3251.7900390625
2015-09-17,3255.7900390625
2015-09-18,3157.300048828125
2015-09-22,3076.050048828125
2015-09-23,3079.989990234375
2015-09-24,3019.340087890625
2015-09-25,3113.159912109375
2015-09-28,3039.43994140625
2015-09-29,3029.860107421875
2015-09-30,3100.669921875
2015-10-01,3069.050048828125
2015-10-02,3088.179931640625
2015-10-05,3190.389892578125
2015-10-06,3220.090087890625
2015-10-07,3226.39990234375
2015-10-08,3224.9599609375
2015-10-09,3250.31005859375
2015-10-12,3247.330078125
2015-10-13,3221.280029296875
2015-10-14,3191.570068359375
2015-10-15,3238.81005859375
2015-10-16,3264.929931640625
2015-10-19,3272.0400390625
2015-10-20,3255.719970703125
2015-10-21,3272.22998046875
2015-10-22,3353.110107421875
2015-10-23,3425.81005859375
2015-10-26,3414.60009765625
2015-10-27,3381.010009765625
2015-10-28,3421.090087890625
2015-10-29,3413.389892578125
2015-10-30,3418.22998046875
2015-11-02,3434.5
2015-11-03,3442.679931640625
2015-11-04,3439.159912109375
2015-11-05,3447.489990234375
2015-11-06,3468.2099609375
2015-11-09,3418.360107421875
2015-11-10,3425.39990234375
2015-11-11,3448.419921875
2015-11-12,3387.699951171875
2015-11-13,3360.64990234375
2015-11-16,3362.22998046875
2015-11-17,3451.93994140625
2015-11-18,3431.919921875
2015-11-19,3448.929931640625
2015-11-20,3452.449951171875
2015-11-23,3445.260009765625
2015-11-24,3409.60009765625
2015-11-25,3462.06005859375
2015-11-26,3498.6201171875
2015-11-27,3488.989990234375
2015-11-30,3506.449951171875
2015-12-01,3479.639892578125
2015-12-02,3468.659912109375
2015-12-03,3343.340087890625
2015-12-04,3330.75
2015-12-07,3360.2099609375
2015-12-08,3297.4599609375
2015-12-09,3277.2099609375
2015-12-10,3269.969970703125
2015-12-11,3203.2099609375
2015-12-14,3139.239990234375
2015-12-15,3241.510009765625
2015-12-16,3246.780029296875
2015-12-17,3306.469970703125
2015-12-18,3260.72998046875
2015-12-21,3213.010009765625
2015-12-22,3214.320068359375
2015-12-23,3286.679931640625
2015-12-28,3256.489990234375
2015-12-29,3314.280029296875
2015-12-30,3287.97998046875
2016-01-04,3164.760009765625
2016-01-05,3178.010009765625
2016-01-06,3139.320068359375
2016-01-07,3084.679931640625
2016-01-08,3033.469970703125
2016-01-11,3027.489990234375
2016-01-12,3064.659912109375
2016-01-13,3073.02001953125
2016-01-14,3024.0
2016-01-15,2952.47998046875
2016-01-18,2935.389892578125
2016-01-19,2980.489990234375
2016-01-20,2882.590087890625
2016-01-21,2943.919921875
2016-01-22,3023.2099609375
2016-01-25,3001.780029296875
2016-01-26,3032.840087890625
2016-01-27,3043.469970703125
2016-01-28,2979.419921875
2016-01-29,3045.090087890625
2016-02-01,3021.010009765625
2016-02-02,2951.85009765625
2016-02-03,2896.6298828125
2016-02-04,2905.300048828125
2016-02-05,2879.389892578125
2016-02-08,2785.169921875
2016-02-09,2736.5
2016-02-10,2789.050048828125
2016-02-11,2680.35009765625
2016-02-12,2756.159912109375
2016-02-15,2833.860107421875
2016-02-16,2821.260009765625
2016-02-17,2897.719970703125
2016-02-18,2895.14990234375
2016-02-19,2871.050048828125
2016-02-22,2933.909912109375
2016-02-23,2887.3798828125
2016-02-24,2820.239990234375
2016-02-25,2877.419921875
2016-02-26,2929.159912109375
2016-02-29,2945.75
2016-03-01,2996.389892578125
2016-03-02,3022.139892578125
2016-03-03,3012.8701171875
2016-03-04,3037.35009765625
2016-03-07,3021.090087890625
2016-03-08,3002.010009765625
2016-03-09,3016.179931640625
2016-03-10,2970.780029296875
2016-03-11,3073.800048828125
2016-03-14,3091.97998046875
2016-03-15,3067.2099609375
2016-03-16,3062.050048828125
2016-03-17,3043.10009765625
2016-03-18,3059.77001953125
2016-03-21,3048.77001953125
2016-03-23,3042.419921875
2016-03-24,2986.72998046875
2016-03-29,3004.8701171875
2016-03-30,3044.10009765625
2016-03-31,3004.929931640625
2016-04-01,2953.280029296875
2016-04-04,2962.280029296875
2016-04-06,2909.360107421875
2016-04-07,2871.570068359375
2016-04-08,2911.97998046875
2016-04-11,2924.22998046875
2016-04-12,2942.090087890625
2016-04-14,3060.860107421875
2016-04-15,3054.340087890625
2016-04-18,3064.030029296875
2016-04-19,3112.989990234375
2016-04-20,3142.52001953125
2016-04-21,3151.68994140625
2016-04-22,3141.1201171875
2016-04-26,3121.2900390625
2016-04-27,3130.429931640625
2016-04-28,3125.429931640625
2016-04-29,3028.2099609375
2016-05-02,3032.60009765625
2016-05-03,2974.199951171875
2016-05-04,2938.75
2016-05-06,2936.840087890625
2016-05-09,2955.830078125
2016-05-10,2978.969970703125
2016-05-11,2956.7099609375
2016-05-12,2935.4599609375
2016-05-13,2956.6298828125
2016-05-17,2938.090087890625
2016-05-18,2956.429931640625
2016-05-19,2919.219970703125
2016-05-20,2962.159912109375
2016-05-23,2932.929931640625
2016-05-24,3010.1201171875
2016-05-25,3061.60009765625
2016-05-26,3071.2099609375
2016-05-27,3078.47998046875
2016-05-30,3090.010009765625
2016-05-31,3063.47998046875
2016-06-01,3038.77001953125
2016-06-02,3033.860107421875
2016-06-03,2997.550048828125
2016-06-06,3001.89990234375
2016-06-07,3040.68994140625
2016-06-08,3019.760009765625
2016-06-09,2989.030029296875
2016-06-10,2911.110107421875
2016-06-13,2853.52001953125
2016-06-14,2797.179931640625
2016-06-15,2830.300048828125
2016-06-16,2819.300048828125
2016-06-17,2849.169921875
2016-06-20,2942.8798828125
2016-06-21,2967.340087890625
2016-06-22,2978.31005859375
2016-06-23,3037.860107421875
2016-06-24,2776.090087890625
2016-06-27,2697.43994140625
2016-06-29,2832.179931640625
2016-06-30,2864.739990234375
2016-07-01,2883.06005859375
2016-07-04,2862.2099609375
2016-07-05,2812.8798828125
2016-07-06,2761.3701171875
2016-07-07,2780.10009765625
2016-07-08,2838.010009765625
2016-07-11,2885.320068359375
2016-07-12,2933.43994140625
2016-07-13,2926.139892578125
2016-07-14,2963.070068359375
2016-07-15,2958.64990234375
2016-07-18,2949.169921875
2016-07-19,2931.10009765625
2016-07-20,2966.949951171875
2016-07-21,2968.489990234375
2016-07-22,2972.22998046875
2016-07-25,2973.219970703125
2016-07-26,2978.89990234375
2016-07-27,2999.47998046875
2016-07-28,2966.10009765625
2016-07-29,2990.760009765625
2016-08-02,2906.97998046875
2016-08-03,2911.06005859375
2016-08-04,2932.340087890625
2016-08-05,2973.7099609375
2016-08-08,2982.919921875
2016-08-09,3029.179931640625
2016-08-10,3018.4599609375
2016-08-11,3049.030029296875
2016-08-12,3044.93994140625
2016-08-15,3046.64990234375
2016-08-16,3016.199951171875
2016-08-17,2980.5400390625
2016-08-18,2995.300048828125
2016-08-19,2968.199951171875
2016-08-22,2960.3701171875
2016-08-23,2993.72998046875
2016-08-24,3008.590087890625
2016-08-25,2987.68994140625
2016-08-26,3010.360107421875
2016-08-29,2998.5
2016-08-30,3030.75
2016-08-31,3023.1298828125
2016-09-01,3017.489990234375
2016-09-02,3079.739990234375
2016-09-05,3077.659912109375
2016-09-06,3070.159912109375
2016-09-07,3091.659912109375
2016-09-08,3083.5400390625
2016-09-09,3053.199951171875
2016-09-12,3012.8798828125
2016-09-13,2974.800048828125
2016-09-14,2964.89990234375
2016-09-15,2973.77001953125
2016-09-16,2935.25
2016-09-19,2968.31005859375
2016-09-20,2964.860107421875
2016-09-21,2982.179931640625
2016-09-22,3051.68994140625
2016-09-23,3032.31005859375
2016-09-26,2975.8798828125
2016-09-27,2970.840087890625
2016-09-28,2991.110107421875
2016-09-29,2991.580078125
2016-09-30,3002.239990234375
2016-10-03,2998.5
2016-10-04,3029.5
2016-10-05,3026.280029296875
2016-10-06,3021.580078125
2016-10-07,3000.570068359375
2016-10-10,3035.760009765625
2016-10-11,3020.68994140625
2016-10-12,3008.030029296875
2016-10-13,2975.0400390625
2016-10-14,3025.18994140625
2016-10-17,3008.719970703125
2016-10-18,3046.989990234375
2016-10-19,3055.93994140625
2016-10-20,3076.6298828125
2016-10-21,3077.64990234375
2016-10-24,3093.860107421875
2016-10-25,3087.409912109375
2016-10-26,3080.97998046875
2016-10-27,3085.169921875
2016-10-28,3079.239990234375
2016-10-31,3055.25
2016-11-01,3023.14990234375
2016-11-02,2980.169921875
2016-11-03,2973.489990234375
2016-11-04,2954.530029296875
2016-11-07,3009.280029296875
2016-11-08,3023.429931640625
2016-11-09,3056.2900390625
2016-11-10,3046.590087890625
2016-11-11,3030.02001953125
2016-11-14,3039.800048828125
2016-11-15,3049.719970703125
2016-11-16,3026.360107421875
2016-11-17,3041.7900390625
2016-11-18,3020.830078125
2016-11-21,3032.969970703125
2016-11-22,3044.330078125
2016-11-23,3032.14990234375
2016-11-24,3040.60009765625
2016-11-25,3048.3798828125
2016-11-28,3016.800048828125
2016-11-29,3038.419921875
2016-11-30,3051.610107421875
2016-12-01,3030.97998046875
2016-12-02,3015.1298828125
2016-12-05,3052.75
2016-12-06,3100.760009765625
2016-12-07,3142.239990234375
2016-12-08,3185.7900390625
2016-12-09,3197.5400390625
2016-12-12,3199.110107421875
2016-12-13,3236.7099609375
2016-12-14,3211.7099609375
2016-12-15,3249.739990234375
2016-12-16,3259.239990234375
2016-12-19,3257.85009765625
2016-12-20,3279.409912109375
2016-12-21,3270.75
2016-12-22,3269.510009765625
2016-12-23,3273.969970703125
2016-12-27,3278.530029296875
2016-12-28,3278.719970703125
2016-12-29,3271.760009765625
2016-12-30,3290.52001953125
2017-01-03,3315.02001953125
2017-01-04,3317.52001953125
2017-01-05,3316.469970703125
2017-01-06,3321.169921875
2017-01-09,3308.969970703125
2017-01-10,3306.2099609375
2017-01-11,3307.93994140625
2017-01-12,3286.699951171875
2017-01-13,3324.340087890625
2017-01-16,3294.530029296875
2017-01-17,3285.0400390625
2017-01-18,3294.0
2017-01-19,3290.330078125
2017-01-20,3299.43994140625
2017-01-23,3273.0400390625
2017-01-24,3281.530029296875
2017-01-25,3326.14990234375
2017-01-26,3319.1298828125
2017-01-27,3303.330078125
2017-01-30,3262.719970703125
2017-01-31,3230.679931640625
2017-02-01,3258.919921875
2017-02-02,3253.610107421875
2017-02-03,3273.110107421875
2017-02-06,3238.31005859375
2017-02-07,3235.7099609375
2017-02-08,3238.0400390625
2017-02-09,3277.7900390625
2017-02-10,3270.830078125
2017-02-13,3305.22998046875
2017-02-14,3308.889892578125
2017-02-15,3323.7099609375
2017-02-16,3311.0400390625
2017-02-17,3308.81005859375
2017-02-20,3312.389892578125
2017-02-21,3339.330078125
2017-02-22,3339.27001953125
2017-02-23,3333.9599609375
2017-02-24,3304.090087890625
2017-02-27,3309.300048828125
2017-02-28,3319.610107421875
2017-03-01,3390.199951171875
2017-03-02,3384.7099609375
2017-03-03,3403.389892578125
2017-03-06,3387.4599609375
2017-03-07,3385.1201171875
2017-03-08,3389.6201171875
2017-03-09,3409.889892578125
2017-03-10,3416.27001953125
2017-03-13,3415.489990234375
2017-03-14,3399.43994140625
2017-03-15,3409.320068359375
2017-03-16,3439.9599609375
2017-03-17,3448.409912109375
2017-03-20,3437.47998046875
2017-03-21,3429.6201171875
2017-03-22,3420.699951171875
2017-03-23,3452.179931640625
2017-03-24,3444.14990234375
2017-03-27,3437.139892578125
2017-03-28,3465.070068359375
2017-03-29,3475.27001953125
2017-03-30,3481.580078125
2017-03-31,3500.929931640625
2017-04-03,3472.93994140625
2017-04-04,3481.659912109375
2017-04-05,3472.580078125
2017-04-06,3489.570068359375
2017-04-07,3495.800048828125
2017-04-10,3480.43994140625
2017-04-11,3470.0400390625
2017-04-12,3468.510009765625
2017-04-13,3448.260009765625
2017-04-18,3409.780029296875
2017-04-19,3420.989990234375
2017-04-20,3440.030029296875
2017-04-21,3440.27001953125
2017-04-24,3577.3798828125
2017-04-25,3583.159912109375
2017-04-26,3578.7099609375
2017-04-27,3563.2900390625
2017-04-28,3559.590087890625
2017-05-02,3578.2099609375
2017-05-03,3586.25
2017-05-04,3627.8798828125
2017-05-05,3658.7900390625
2017-05-08,3642.110107421875
2017-05-09,3649.080078125
2017-05-10,3645.739990234375
2017-05-11,3623.550048828125
2017-05-12,3637.52001953125
2017-05-15,3641.8798828125
2017-05-16,3641.889892578125
2017-05-17,3584.830078125
2017-05-18,3562.219970703125
2017-05-19,3587.010009765625
2017-05-22,3576.530029296875
2017-05-23,3595.030029296875
2017-05-24,3586.6201171875
2017-05-26,3579.02001953125
2017-05-29,3578.949951171875
2017-05-30,3561.219970703125
2017-05-31,3554.590087890625
2017-06-01,3567.02001953125
2017-06-02,3591.820068359375
2017-06-06,3554.179931640625
2017-06-07,3548.840087890625
2017-06-08,3563.8798828125
2017-06-09,3586.070068359375
2017-06-12,3543.949951171875
2017-06-13,3557.8701171875
2017-06-14,3547.14990234375
2017-06-15,3525.4599609375
2017-06-16,3543.8798828125
2017-06-19,3579.580078125
2017-06-20,3560.659912109375
2017-06-21,3554.35009765625
2017-06-22,3555.760009765625
2017-06-23,3543.679931640625
2017-06-26,3561.760009765625
2017-06-27,3538.320068359375
2017-06-28,3535.699951171875
2017-06-29,3471.330078125
2017-06-30,3441.8798828125
2017-07-03,3491.81005859375
2017-07-04,3479.469970703125
2017-07-05,3478.409912109375
2017-07-06,3462.06005859375
2017-07-07,3463.840087890625
2017-07-10,3478.06005859375
2017-07-11,3464.47998046875
2017-07-12,3515.22998046875
2017-07-13,3527.830078125
2017-07-14,3525.93994140625
2017-07-17,3516.35009765625
2017-07-18,3478.679931640625
2017-07-19,3500.280029296875
2017-07-20,3499.489990234375
2017-07-21,3451.7099609375
2017-07-24,3453.169921875
2017-07-25,3473.5400390625
2017-07-26,3491.18994140625
2017-07-27,3493.139892578125
2017-07-28,3467.72998046875
2017-07-31,3449.360107421875
2017-08-02,3459.320068359375
2017-08-03,3466.3701171875
2017-08-04,3507.409912109375
2017-08-07,3505.800048828125
2017-08-08,3515.6298828125
2017-08-09,3468.449951171875
2017-08-10,3433.5400390625
2017-08-11,3406.340087890625
2017-08-14,3450.659912109375
2017-08-15,3461.909912109375
2017-08-16,3484.570068359375
2017-08-17,3461.969970703125
2017-08-18,3446.030029296875
2017-08-21,3423.530029296875
2017-08-22,3455.590087890625
2017-08-23,3438.6298828125
2017-08-24,3444.72998046875
2017-08-25,3438.550048828125
2017-08-28,3421.030029296875
2017-08-29,3388.219970703125
2017-08-30,3403.7099609375
2017-08-31,3421.469970703125
2017-09-01,3443.8798828125
2017-09-04,3430.419921875
2017-09-05,3420.860107421875
2017-09-06,3433.800048828125
2017-09-07,3447.659912109375
2017-09-08,3447.68994140625
2017-09-11,3495.18994140625
2017-09-12,3512.56005859375
2017-09-13,3523.139892578125
2017-09-14,3526.47998046875
2017-09-15,3515.550048828125
2017-09-18,3526.739990234375
2017-09-19,3531.179931640625
2017-09-20,3525.550048828125
2017-09-21,3539.590087890625
2017-09-22,3541.419921875
2017-09-25,3537.81005859375
2017-09-26,3536.3798828125
2017-09-27,3555.169921875
2017-09-28,3563.639892578125
2017-09-29,3594.85009765625
2017-10-02,3602.68994140625
2017-10-03,3605.72998046875
2017-10-04,3594.909912109375
2017-10-05,3613.5400390625
2017-10-06,3603.320068359375
2017-10-09,3610.5
2017-10-10,3598.7900390625
2017-10-11,3607.389892578125
2017-10-12,3605.5400390625
2017-10-13,3604.550048828125
2017-10-16,3606.27001953125
2017-10-17,3607.77001953125
2017-10-18,3619.64990234375
2017-10-19,3602.080078125
2017-10-20,3605.090087890625
2017-10-23,3608.8701171875
2017-10-24,3610.68994140625
2017-10-25,3591.4599609375
2017-10-26,3637.199951171875
2017-10-27,3652.22998046875
2017-10-30,3662.179931640625
2017-10-31,3673.949951171875
2017-11-01,3697.39990234375
2017-11-02,3688.800048828125
2017-11-03,3689.9599609375
2017-11-06,3682.360107421875
2017-11-07,3658.77001953125
2017-11-08,3655.0400390625
2017-11-09,3612.5
2017-11-10,3593.760009765625
2017-11-13,3574.52001953125
2017-11-14,3556.3798828125
2017-11-15,3545.719970703125
2017-11-16,3564.800048828125
2017-11-17,3547.4599609375
2017-11-20,3561.409912109375
2017-11-21,3579.320068359375
2017-11-22,3562.64990234375
2017-11-23,3572.070068359375
2017-11-24,3581.22998046875
2017-11-27,3564.02001953125
2017-11-28,3583.489990234375
2017-11-29,3589.909912109375
2017-11-30,3569.929931640625
2017-12-01,3527.550048828125
2017-12-04,3576.219970703125
2017-12-05,3570.570068359375
2017-12-06,3561.570068359375
2017-12-07,3573.1298828125
2017-12-08,3591.449951171875
2017-12-11,3582.2099609375
2017-12-12,3600.35009765625
2017-12-13,3581.75
2017-12-14,3556.219970703125
2017-12-15,3560.530029296875
2017-12-18,3609.419921875
2017-12-19,3582.219970703125
2017-12-20,3552.659912109375
2017-12-21,3570.780029296875
2017-12-22,3553.389892578125
2017-12-27,3550.169921875
2017-12-28,3524.31005859375
2017-12-29,3503.9599609375
2018-01-03,3509.8798828125
2018-01-04,3568.8798828125
2018-01-05,3607.6298828125
2018-01-08,3616.449951171875
2018-01-09,3622.8701171875
2018-01-10,3609.830078125
2018-01-11,3595.239990234375
2018-01-12,3612.610107421875
2018-01-15,3611.81005859375
2018-01-16,3622.010009765625
2018-01-17,3612.780029296875
2018-01-18,3620.909912109375
2018-01-19,3649.070068359375
2018-01-22,3665.280029296875
2018-01-23,3672.2900390625
2018-01-24,3643.219970703125
2018-01-25,3630.14990234375
2018-01-26,3647.409912109375
2018-01-29,3643.0400390625
2018-01-30,3606.75
2018-01-31,3609.2900390625
2018-02-01,3577.35009765625
2018-02-02,3523.280029296875
2018-02-05,3478.77001953125
2018-02-06,3394.919921875
2018-02-07,3454.52001953125
2018-02-08,3377.300048828125
2018-02-09,3325.989990234375
2018-02-12,3368.25
2018-02-13,3340.929931640625
2018-02-14,3369.830078125
2018-02-15,3389.6298828125
2018-02-16,3426.800048828125
2018-02-19,3407.7900390625
2018-02-20,3435.080078125
2018-02-21,3430.159912109375
2018-02-22,3431.989990234375
2018-02-23,3441.4599609375
2018-02-26,3463.179931640625
2018-02-27,3458.030029296875
2018-02-28,3438.9599609375
2018-03-01,3399.159912109375
2018-03-02,3324.75
2018-03-05,3355.320068359375
2018-03-06,3357.860107421875
2018-03-07,3377.360107421875
2018-03-08,3413.280029296875
2018-03-09,3420.5400390625
2018-03-12,3429.47998046875
2018-03-13,3397.35009765625
2018-03-14,3390.97998046875
2018-03-15,3414.1298828125
2018-03-16,3437.39990234375
2018-03-19,3394.7900390625
2018-03-20,3412.080078125
2018-03-21,3401.0400390625
2018-03-22,3348.18994140625
2018-03-23,3298.070068359375
2018-03-26,3278.719970703125
2018-03-27,3316.949951171875
2018-03-28,3331.25
2018-03-29,3361.5
2018-04-03,3346.929931640625
2018-04-04,3340.35009765625
2018-04-05,3429.949951171875
2018-04-06,3408.10009765625
2018-04-09,3414.85009765625
2018-04-10,3438.780029296875
2018-04-11,3419.7099609375
2018-04-12,3443.969970703125
2018-04-13,3448.0
2018-04-16,3441.0400390625
2018-04-17,3477.909912109375
2018-04-18,3490.889892578125
2018-04-19,3486.60009765625
2018-04-20,3494.199951171875
2018-04-23,3513.06005859375
2018-04-24,3510.8798828125
2018-04-25,3485.830078125
2018-04-26,3506.030029296875
2018-04-27,3518.780029296875
2018-04-30,3536.52001953125
2018-05-02,3553.7900390625
2018-05-03,3529.1201171875
2018-05-04,3550.590087890625
2018-05-07,3564.18994140625
2018-05-08,3557.8798828125
2018-05-09,3569.739990234375
2018-05-11,3565.52001953125
2018-05-14,3565.739990234375
2018-05-15,3564.2900390625
2018-05-16,3562.85009765625
2018-05-17,3592.179931640625
2018-05-18,3573.760009765625
2018-05-22,3587.25
2018-05-23,3541.820068359375
2018-05-24,3521.760009765625
2018-05-25,3515.360107421875
2018-05-28,3482.639892578125
2018-05-29,3428.139892578125
2018-05-30,3441.18994140625
2018-05-31,3406.64990234375
2018-06-01,3453.5400390625
2018-06-04,3469.570068359375
2018-06-05,3456.7900390625
2018-06-06,3460.820068359375
2018-06-07,3459.77001953125
2018-06-08,3447.300048828125
2018-06-11,3480.219970703125
2018-06-12,3475.580078125
2018-06-13,3479.56005859375
2018-06-14,3527.110107421875
2018-06-15,3505.02001953125
2018-06-18,3466.64990234375
2018-06-19,3435.300048828125
2018-06-20,3439.60009765625
2018-06-21,3403.510009765625
2018-06-22,3441.60009765625
2018-06-25,3369.2099609375
2018-06-26,3368.719970703125
2018-06-27,3397.1298828125
2018-06-28,3365.52001953125
2018-06-29,3395.60009765625
2018-07-02,3372.2099609375
2018-07-03,3406.340087890625
2018-07-04,3412.030029296875
2018-07-05,3440.919921875
2018-07-06,3448.489990234375
2018-07-09,3460.43994140625
2018-07-10,3473.31005859375
2018-07-11,3422.35009765625
2018-07-12,3445.489990234375
2018-07-13,3454.5400390625
2018-07-16,3449.080078125
2018-07-17,3457.5
2018-07-18,3485.080078125
2018-07-19,3471.639892578125
2018-07-20,3460.030029296875
2018-07-23,3454.050048828125
2018-07-24,3483.31005859375
2018-07-25,3468.449951171875
2018-07-26,3509.260009765625
2018-07-27,3527.179931640625
2018-07-30,3512.31005859375
2018-07-31,3525.489990234375
2018-08-02,3469.2099609375
2018-08-03,3482.39990234375
2018-08-06,3483.300048828125
2018-08-07,3504.3701171875
2018-08-08,3493.60009765625
2018-08-09,3494.139892578125
2018-08-10,3426.280029296875
2018-08-13,3409.679931640625
2018-08-14,3409.43994140625
2018-08-15,3359.080078125
2018-08-16,3377.56005859375
2018-08-17,3372.93994140625
2018-08-20,3393.669921875
2018-08-21,3411.659912109375
2018-08-22,3420.179931640625
2018-08-23,3419.260009765625
2018-08-24,3427.43994140625
2018-08-27,3456.010009765625
2018-08-28,3447.570068359375
2018-08-29,3456.1298828125
2018-08-30,3430.989990234375
2018-08-31,3392.89990234375
2018-09-03,3394.989990234375
2018-09-04,3359.360107421875
2018-09-05,3315.6201171875
2018-09-06,3295.949951171875
2018-09-07,3293.360107421875
2018-09-10,3309.280029296875
2018-09-11,3311.659912109375
2018-09-12,3326.60009765625
2018-09-13,3333.679931640625
2018-09-14,3344.6298828125
2018-09-17,3346.110107421875
2018-09-18,3358.4599609375
2018-09-19,3368.56005859375
2018-09-20,3403.1201171875
2018-09-21,3430.81005859375
2018-09-24,3410.43994140625
2018-09-25,3419.780029296875
2018-09-26,3433.14990234375
2018-09-27,3449.7900390625
2018-09-28,3399.199951171875
2018-10-01,3414.159912109375
2018-10-02,3388.989990234375
2018-10-03,3405.47998046875
2018-10-04,3375.080078125
2018-10-05,3345.510009765625
2018-10-08,3309.719970703125
2018-10-09,3321.7900390625
2018-10-10,3266.89990234375
2018-10-11,3209.18994140625
2018-10-12,3194.409912109375
2018-10-15,3210.3701171875
2018-10-16,3257.340087890625
2018-10-17,3243.080078125
2018-10-18,3211.590087890625
2018-10-19,3210.820068359375
2018-10-22,3190.090087890625
2018-10-23,3140.93994140625
2018-10-24,3130.330078125
2018-10-25,3164.39990234375
2018-10-26,3134.889892578125
2018-10-29,3154.929931640625
2018-10-30,3147.1298828125
2018-10-31,3197.510009765625
2018-11-01,3204.2099609375
2018-11-02,3214.409912109375
2018-11-05,3217.3701171875
2018-11-07,3246.159912109375
2018-11-08,3237.60009765625
2018-11-13,3224.820068359375
2018-11-15,3190.31005859375
2018-11-19,3160.330078125
2018-11-20,3116.070068359375
2018-11-21,3153.909912109375
2018-11-22,3126.669921875
2018-11-26,3172.7099609375
2018-11-27,3166.419921875
2018-11-29,3174.159912109375
2018-11-30,3173.1298828125
2018-12-04,3189.25
2018-12-05,3150.27001953125
2018-12-06,3045.93994140625
2018-12-07,3058.530029296875
2018-12-10,3016.989990234375
2018-12-11,3055.320068359375
2018-12-12,3107.969970703125
2018-12-13,3112.169921875
2018-12-14,3092.60009765625
2018-12-17,3063.64990234375
2018-12-18,3040.1201171875
2018-12-19,3051.3798828125
2018-12-21,3000.610107421875
2018-12-27,2937.360107421875
2019-01-04,3041.85009765625
2019-01-07,3033.639892578125
2019-01-08,3054.93994140625
2019-01-09,3070.239990234375
2019-01-10,3075.72998046875
2019-01-11,3070.0400390625
2019-01-14,3055.179931640625
2019-01-16,3077.219970703125
2019-01-17,3069.35009765625
2019-01-18,3134.919921875
2019-01-21,3125.070068359375
2019-01-23,3112.1298828125
2019-01-24,3126.31005859375
2019-01-25,3163.239990234375
2019-01-28,3137.27001953125
2019-01-29,3153.419921875
2019-01-30,3161.739990234375
2019-01-31,3159.429931640625
2019-02-01,3171.1201171875
2019-02-04,3165.199951171875
2019-02-05,3215.0400390625
2019-02-08,3135.6201171875
2019-02-11,3165.610107421875
2019-02-12,3190.75
2019-02-14,3182.659912109375
2019-02-15,3241.25
2019-02-19,3239.409912109375
2019-02-20,3259.489990234375
2019-02-21,3263.699951171875
2019-02-22,3270.550048828125
2019-02-25,3280.010009765625
2019-02-26,3289.320068359375
2019-02-27,3282.77001953125
2019-02-28,3298.260009765625
2019-03-01,3312.10009765625
2019-03-04,3317.1201171875
2019-03-05,3327.18994140625
2019-03-06,3324.669921875
2019-03-07,3308.85009765625
2019-03-11,3304.43994140625
2019-03-12,3303.949951171875
2019-03-13,3323.449951171875
2019-03-14,3342.030029296875
2019-03-15,3386.080078125
2019-03-18,3387.93994140625
2019-03-19,3409.0
2019-03-20,3372.3798828125
2019-03-21,3367.39990234375
2019-03-22,3305.72998046875
2019-03-25,3300.47998046875
2019-03-26,3319.530029296875
2019-03-27,3322.0400390625
2019-03-28,3320.2900390625
2019-03-29,3351.7099609375
2019-04-01,3385.3798828125
2019-04-02,3395.699951171875
2019-04-03,3435.56005859375
2019-04-04,3441.929931640625
2019-04-05,3447.469970703125
2019-04-08,3438.06005859375
2019-04-09,3417.219970703125
2019-04-10,3424.64990234375
2019-04-11,3435.340087890625
2019-04-12,3447.830078125
2019-04-15,3450.4599609375
2019-04-16,3463.360107421875
2019-04-17,3477.72998046875
2019-04-18,3499.22998046875
2019-04-23,3503.85009765625
2019-04-24,3502.6298828125
2019-04-25,3491.919921875
2019-04-26,3500.409912109375
2019-04-29,3501.93994140625
2019-04-30,3514.6201171875
2019-05-02,3488.929931640625
2019-05-03,3502.47998046875
2019-05-06,3462.949951171875
2019-05-07,3401.159912109375
2019-05-08,3417.260009765625
2019-05-09,3350.7099609375
2019-05-10,3361.050048828125
2019-05-13,3320.780029296875
2019-05-14,3364.3798828125
2019-05-15,3385.780029296875
2019-05-16,3438.56005859375
2019-05-17,3425.639892578125
2019-05-20,3369.780029296875
2019-05-21,3386.510009765625
2019-05-22,3386.719970703125
2019-05-23,3327.199951171875
2019-05-24,3350.699951171875
2019-05-27,3364.0400390625
2019-05-28,3348.860107421875
2019-05-29,3297.81005859375
2019-05-31,3280.429931640625
2019-06-03,3300.219970703125
2019-06-04,3333.489990234375
2019-06-05,3339.949951171875
2019-06-06,3338.409912109375
2019-06-07,3378.3798828125
2019-06-11,3401.10009765625
2019-06-12,3386.6298828125
2019-06-13,3390.5
2019-06-14,3379.18994140625
2019-06-17,3383.2099609375
2019-06-18,3452.889892578125
2019-06-19,3454.699951171875
2019-06-20,3468.080078125
2019-06-21,3466.919921875
2019-06-24,3455.570068359375
2019-06-25,3444.360107421875
2019-06-26,3442.949951171875
2019-06-27,3442.3798828125
2019-06-28,3473.68994140625
2019-07-01,3497.590087890625
2019-07-02,3507.97998046875
2019-07-03,3540.6298828125
2019-07-04,3544.14990234375
2019-07-05,3527.97998046875
2019-07-08,3523.760009765625
2019-07-09,3509.75
2019-07-10,3501.52001953125
2019-07-11,3496.72998046875
2019-07-12,3497.6298828125
2019-07-15,3502.219970703125
2019-07-16,3521.360107421875
2019-07-17,3501.580078125
2019-07-18,3482.830078125
2019-07-19,3480.179931640625
2019-07-22,3489.919921875
2019-07-23,3532.8701171875
2019-07-24,3532.89990234375
2019-07-25,3510.14990234375
2019-07-26,3524.469970703125
2019-07-29,3523.580078125
2019-07-30,3462.85009765625
2019-07-31,3466.85009765625
2019-08-02,3376.1201171875
2019-08-05,3310.929931640625
2019-08-06,3291.659912109375
2019-08-07,3309.989990234375
2019-08-08,3375.3798828125
2019-08-09,3333.739990234375
2019-08-12,3326.550048828125
2019-08-13,3357.159912109375
2019-08-14,3288.699951171875
2019-08-15,3282.780029296875
2019-08-16,3329.080078125
2019-08-19,3369.18994140625
2019-08-20,3350.22998046875
2019-08-21,3394.889892578125
2019-08-22,3373.669921875
2019-08-23,3334.25
2019-08-26,3348.840087890625
2019-08-27,3370.469970703125
2019-08-28,3365.3798828125
2019-08-29,3411.330078125
2019-08-30,3426.760009765625
2019-09-02,3432.5400390625
2019-09-03,3420.739990234375
2019-09-04,3450.830078125
2019-09-05,3484.699951171875
2019-09-06,3495.18994140625
2019-09-09,3495.02001953125
2019-09-10,3498.989990234375
2019-09-11,3516.820068359375
2019-09-12,3538.860107421875
2019-09-13,3550.110107421875
2019-09-16,3518.449951171875
2019-09-17,3521.260009765625
2019-09-18,3528.0400390625
2019-09-19,3552.64990234375
2019-09-20,3571.389892578125
2019-09-23,3536.969970703125
2019-09-24,3532.050048828125
2019-09-25,3513.030029296875
2019-09-26,3532.179931640625
2019-09-27,3545.8798828125
2019-09-30,3569.449951171875
2019-10-01,3518.25
2019-10-02,3413.31005859375
2019-10-03,3417.3701171875
2019-10-04,3446.7099609375
2019-10-07,3471.239990234375
2019-10-08,3432.760009765625
2019-10-09,3462.110107421875
2019-10-10,3493.9599609375
2019-10-11,3569.919921875
2019-10-14,3556.260009765625
2019-10-15,3598.64990234375
2019-10-16,3599.25
2019-10-17,3588.6201171875
2019-10-18,3579.409912109375
2019-10-21,3600.080078125
2019-10-22,3604.820068359375
2019-10-23,3606.889892578125
2019-10-24,3621.3701171875
2019-10-25,3624.679931640625
2019-10-28,3625.68994140625
2019-10-29,3622.090087890625
2019-10-30,3620.2900390625
2019-10-31,3604.409912109375
2019-11-01,3623.739990234375
2019-11-04,3665.2099609375
2019-11-05,3676.52001953125
2019-11-06,3688.739990234375
2019-11-07,3706.679931640625
2019-11-08,3699.64990234375
2019-11-11,3696.820068359375
2019-11-12,3712.199951171875
2019-11-13,3699.5
2019-11-14,3688.81005859375
2019-11-15,3711.610107421875
2019-11-18,3704.919921875
2019-11-19,3696.56005859375
2019-11-20,3683.8798828125
2019-11-21,3679.659912109375
2019-11-22,3687.320068359375
2019-11-25,3707.679931640625
2019-11-26,3705.550048828125
2019-11-27,3712.85009765625
2019-11-28,3704.47998046875
2019-11-29,3703.580078125
2019-12-02,3626.659912109375
2019-12-03,3610.989990234375
2019-12-04,3660.02001953125
2019-12-05,3648.1298828125
2019-12-06,3692.340087890625
2019-12-09,3672.179931640625
2019-12-10,3671.780029296875
2019-12-11,3687.449951171875
2019-12-12,3706.35009765625
2019-12-13,3731.070068359375
2019-12-16,3772.739990234375
2019-12-17,3745.280029296875
2019-12-18,3739.0
2019-12-19,3739.169921875
2019-12-20,3776.56005859375
2019-12-23,3776.659912109375
2019-12-27,3782.27001953125
2019-12-30,3748.469970703125
2020-01-03,3773.3701171875
2020-01-06,3752.52001953125
2020-01-07,3759.25
2020-01-08,3772.56005859375
2020-01-09,3795.8798828125
2020-01-10,3789.52001953125
2020-01-13,3779.679931640625
2020-01-14,3774.8798828125
2020-01-15,3768.9599609375
2020-01-16,3774.139892578125
2020-01-17,3808.260009765625
2020-01-20,3799.030029296875
2020-01-21,3789.1201171875
2020-01-22,3769.7900390625
2020-01-23,3736.85009765625
2020-01-24,3779.159912109375
2020-01-27,3677.840087890625
2020-01-28,3719.219970703125
2020-01-29,3736.360107421875
2020-01-30,3690.780029296875
2020-01-31,3640.909912109375
2020-02-03,3661.27001953125
2020-02-04,3732.280029296875
2020-02-05,3777.840087890625
2020-02-06,3805.52001953125
2020-02-07,3798.489990234375
2020-02-10,3793.179931640625
2020-02-11,3825.840087890625
2020-02-12,3854.429931640625
2020-02-13,3846.739990234375
2020-02-14,3840.969970703125
2020-02-17,3853.27001953125
2020-02-18,3836.5400390625
2020-02-19,3865.179931640625
2020-02-20,3822.97998046875
2020-02-21,3800.3798828125
2020-02-24,3647.97998046875
2020-02-25,3572.510009765625
2020-02-26,3577.679931640625
2020-02-27,3455.919921875
2020-02-28,3329.489990234375
2020-03-02,3338.830078125
2020-03-03,3371.969970703125
2020-03-04,3420.56005859375
2020-03-05,3363.580078125
2020-03-06,3232.070068359375
2020-03-09,2959.070068359375
2020-03-10,2910.02001953125
2020-03-11,2905.56005859375
2020-03-12,2545.22998046875
2020-03-13,2586.02001953125
2020-03-16,2450.3701171875
2020-03-17,2530.5
2020-03-18,2385.820068359375
2020-03-19,2454.080078125
2020-03-20,2548.5
2020-03-23,2485.5400390625
2020-03-24,2715.110107421875
2020-03-25,2800.139892578125
2020-03-26,2847.780029296875
2020-03-27,2728.64990234375
2020-03-30,2765.6201171875
2020-03-31,2786.89990234375
2020-04-01,2680.300048828125
2020-04-02,2688.489990234375
2020-04-03,2662.989990234375
2020-04-06,2795.969970703125
2020-04-07,2857.669921875
2020-04-08,2851.27001953125
2020-04-09,2892.7900390625
2020-04-14,2917.739990234375
2020-04-15,2808.199951171875
2020-04-16,2812.35009765625
2020-04-17,2888.300048828125
2020-04-20,2909.5
2020-04-21,2791.340087890625
2020-04-22,2834.89990234375
2020-04-23,2852.4599609375
2020-04-24,2809.070068359375
2020-04-27,2882.090087890625
2020-04-28,2932.06005859375
2020-04-29,2996.080078125
2020-04-30,2927.929931640625
2020-05-04,2816.47998046875
2020-05-05,2875.909912109375
2020-05-06,2843.760009765625
2020-05-07,2880.60009765625
2020-05-08,2908.110107421875
2020-05-11,2883.75
2020-05-12,2884.199951171875
2020-05-13,2810.550048828125
2020-05-14,2760.22998046875
2020-05-15,2770.699951171875
2020-05-18,2911.8798828125
2020-05-19,2902.580078125
2020-05-20,2942.389892578125
2020-05-22,2905.469970703125
2020-05-25,2971.35009765625
2020-05-26,2999.219970703125
2020-05-27,3051.080078125
2020-05-28,3094.469970703125
2020-05-29,3050.199951171875
2020-06-02,3159.02001953125
2020-06-03,3269.590087890625
2020-06-04,3261.669921875
2020-06-05,3384.2900390625
2020-06-08,3366.2900390625
2020-06-09,3320.7099609375
2020-06-10,3293.7099609375
2020-06-11,3144.570068359375
2020-06-12,3153.739990234375
2020-06-15,3136.39990234375
2020-06-16,3242.64990234375
2020-06-17,3267.260009765625
2020-06-18,3249.89990234375
2020-06-19,3269.10009765625
2020-06-22,3241.68994140625
2020-06-23,3298.830078125
2020-06-24,3196.1201171875
2020-06-25,3218.909912109375
2020-06-26,3204.169921875
2020-06-29,3232.02001953125
2020-06-30,3234.070068359375
2020-07-01,3228.449951171875
2020-07-02,3320.090087890625
2020-07-03,3294.3798828125
2020-07-06,3350.030029296875
2020-07-07,3321.56005859375
2020-07-08,3286.090087890625
2020-07-09,3261.169921875
2020-07-10,3296.219970703125
2020-07-13,3350.0
2020-07-14,3321.389892578125
2020-07-15,3378.2099609375
2020-07-16,3365.35009765625
2020-07-17,3365.60009765625
2020-07-20,3388.340087890625
2020-07-21,3405.35009765625
2020-07-22,3370.760009765625
2020-07-23,3371.739990234375
2020-07-24,3310.889892578125
